date,MmmYY,year,Weekday,weekdayf,week,monthf,RN,PropertyCode,market,StayMonth
2018-03-26,Mar18,2018,1,Mon,13,Mar,14,ZIL,United Kingdom,2019-12-01
2018-05-02,May18,2018,3,Wed,18,May,9,ZIL,United Kingdom,2019-12-01
2018-05-22,May18,2018,2,Tue,21,May,10,ZIL,United Kingdom,2019-12-01
2018-05-25,May18,2018,5,Fri,21,May,12,TRO,United Kingdom,2019-12-01
2018-07-09,Jul18,2018,1,Mon,28,Jul,9,ZIL,United Kingdom,2019-12-01
2018-10-01,Oct18,2018,1,Mon,40,Oct,14,RAV,United Kingdom,2019-12-01
2018-10-17,Oct18,2018,3,Wed,42,Oct,4,CDM,France,2019-12-01
2018-10-24,Oct18,2018,3,Wed,43,Oct,14,RAV,United Kingdom,2019-12-01
2018-11-12,Nov18,2018,1,Mon,46,Nov,9,LAG,United Kingdom,2019-12-01
2018-11-12,Nov18,2018,1,Mon,46,Nov,14,ZIL,United Kingdom,2019-12-01
2018-11-16,Nov18,2018,5,Fri,46,Nov,20,CDM,France,2019-12-01
2018-11-23,Nov18,2018,5,Fri,47,Nov,1,ZIL,United Kingdom,2019-12-01
2018-11-28,Nov18,2018,3,Wed,48,Nov,1,PCH,United Kingdom,2019-12-01
2018-11-29,Nov18,2018,4,Thu,48,Nov,1,ZIL,United Kingdom,2019-12-01
2018-12-03,Dec18,2018,1,Mon,49,Dec,7,RAV,United Kingdom,2019-12-01
2018-12-07,Dec18,2018,5,Fri,49,Dec,3,FRI,France,2019-12-01
2018-12-11,Dec18,2018,2,Tue,50,Dec,1,CDM,France,2019-12-01
2018-12-11,Dec18,2018,2,Tue,50,Dec,7,ZIL,United Kingdom,2019-12-01
2018-12-17,Dec18,2018,1,Mon,51,Dec,1,RAV,United Kingdom,2019-12-01
2018-12-18,Dec18,2018,2,Tue,51,Dec,23,EBA,United Kingdom,2019-12-01
2018-12-20,Dec18,2018,4,Thu,51,Dec,9,LAG,United Kingdom,2019-12-01
2018-12-21,Dec18,2018,5,Fri,51,Dec,14,LAG,United Kingdom,2019-12-01
2018-12-26,Dec18,2018,3,Wed,52,Dec,10,RAV,United Kingdom,2019-12-01
2018-12-31,Dec18,2018,1,Mon,53,Dec,2,ZIL,Germany,2019-12-01
2018-12-31,Dec18,2018,1,Mon,53,Dec,4,RAV,OTA,2019-12-01
2018-12-31,Dec18,2018,1,Mon,53,Dec,2,RAV,United Kingdom,2019-12-01
2018-12-31,Dec18,2018,1,Mon,53,Dec,14,EBA,United Kingdom,2019-12-01
2019-01-03,Jan19,2019,4,Thu,1,Jan,14,RAV,Germany,2019-12-01
2019-01-03,Jan19,2019,4,Thu,1,Jan,7,RAV,United Kingdom,2019-12-01
2019-01-03,Jan19,2019,4,Thu,1,Jan,5,TRO,United Kingdom,2019-12-01
2019-01-03,Jan19,2019,4,Thu,1,Jan,14,EBA,United Kingdom,2019-12-01
2019-01-03,Jan19,2019,4,Thu,1,Jan,7,ZIL,United Kingdom,2019-12-01
2019-01-04,Jan19,2019,5,Fri,1,Jan,9,LAG,United Kingdom,2019-12-01
2019-01-04,Jan19,2019,5,Fri,1,Jan,15,ZIL,United Kingdom,2019-12-01
2019-01-07,Jan19,2019,1,Mon,2,Jan,4,PCH,United Kingdom,2019-12-01
2019-01-07,Jan19,2019,1,Mon,2,Jan,9,RAV,United Kingdom,2019-12-01
2019-01-07,Jan19,2019,1,Mon,2,Jan,10,TRO,United Kingdom,2019-12-01
2019-01-07,Jan19,2019,1,Mon,2,Jan,28,ZIL,United Kingdom,2019-12-01
2019-01-07,Jan19,2019,1,Mon,2,Jan,13,EBA,United Kingdom,2019-12-01
2019-01-08,Jan19,2019,2,Tue,2,Jan,13,TRO,United Kingdom,2019-12-01
2019-01-08,Jan19,2019,2,Tue,2,Jan,11,FRI,United Kingdom,2019-12-01
2019-01-08,Jan19,2019,2,Tue,2,Jan,25,RAV,United Kingdom,2019-12-01
2019-01-08,Jan19,2019,2,Tue,2,Jan,48,ZIL,United Kingdom,2019-12-01
2019-01-08,Jan19,2019,2,Tue,2,Jan,25,LAG,United Kingdom,2019-12-01
2019-01-09,Jan19,2019,3,Wed,2,Jan,12,RAV,United Kingdom,2019-12-01
2019-01-09,Jan19,2019,3,Wed,2,Jan,9,ZIL,United Kingdom,2019-12-01
2019-01-10,Jan19,2019,4,Thu,2,Jan,11,RAV,United Kingdom,2019-12-01
2019-01-11,Jan19,2019,5,Fri,2,Jan,2,ZIL,OTA,2019-12-01
2019-01-11,Jan19,2019,5,Fri,2,Jan,10,PCH,United Kingdom,2019-12-01
2019-01-11,Jan19,2019,5,Fri,2,Jan,15,ZIL,United Kingdom,2019-12-01
2019-01-14,Jan19,2019,1,Mon,3,Jan,1,CDM,France,2019-12-01
2019-01-14,Jan19,2019,1,Mon,3,Jan,8,CDM,United Kingdom,2019-12-01
2019-01-14,Jan19,2019,1,Mon,3,Jan,27,ZIL,United Kingdom,2019-12-01
2019-01-15,Jan19,2019,2,Tue,3,Jan,29,ZIL,United Kingdom,2019-12-01
2019-01-15,Jan19,2019,2,Tue,3,Jan,12,CDM,France,2019-12-01
2019-01-15,Jan19,2019,2,Tue,3,Jan,4,EBA,United Kingdom,2019-12-01
2019-01-15,Jan19,2019,2,Tue,3,Jan,15,LAG,United Kingdom,2019-12-01
2019-01-16,Jan19,2019,3,Wed,3,Jan,14,TRO,United Kingdom,2019-12-01
2019-01-16,Jan19,2019,3,Wed,3,Jan,21,ZIL,United Kingdom,2019-12-01
2019-01-17,Jan19,2019,4,Thu,3,Jan,1,CDM,France,2019-12-01
2019-01-17,Jan19,2019,4,Thu,3,Jan,8,ZIL,France,2019-12-01
2019-01-18,Jan19,2019,5,Fri,3,Jan,3,FRI,France,2019-12-01
2019-01-18,Jan19,2019,5,Fri,3,Jan,8,PCH,United Kingdom,2019-12-01
2019-01-18,Jan19,2019,5,Fri,3,Jan,10,ZIL,United Kingdom,2019-12-01
2019-01-18,Jan19,2019,5,Fri,3,Jan,12,ZIL,France,2019-12-01
2019-01-21,Jan19,2019,1,Mon,4,Jan,6,EBA,United Kingdom,2019-12-01
2019-01-21,Jan19,2019,1,Mon,4,Jan,10,TRO,United Kingdom,2019-12-01
2019-01-21,Jan19,2019,1,Mon,4,Jan,17,REC,United Kingdom,2019-12-01
2019-01-22,Jan19,2019,2,Tue,4,Jan,14,FRI,France,2019-12-01
2019-01-22,Jan19,2019,2,Tue,4,Jan,9,RAV,United Kingdom,2019-12-01
2019-01-22,Jan19,2019,2,Tue,4,Jan,11,REC,United Kingdom,2019-12-01
2019-01-22,Jan19,2019,2,Tue,4,Jan,1,EBA,United Kingdom,2019-12-01
2019-01-22,Jan19,2019,2,Tue,4,Jan,9,LAG,United Kingdom,2019-12-01
2019-01-22,Jan19,2019,2,Tue,4,Jan,24,RAV,France,2019-12-01
2019-01-22,Jan19,2019,2,Tue,4,Jan,7,TRO,United Kingdom,2019-12-01
2019-01-23,Jan19,2019,3,Wed,4,Jan,4,CDM,United Kingdom,2019-12-01
2019-01-23,Jan19,2019,3,Wed,4,Jan,55,ZIL,United Kingdom,2019-12-01
2019-01-23,Jan19,2019,3,Wed,4,Jan,7,ZIL,France,2019-12-01
2019-01-24,Jan19,2019,4,Thu,4,Jan,9,EBA,United Kingdom,2019-12-01
2019-01-24,Jan19,2019,4,Thu,4,Jan,14,ZIL,France,2019-12-01
2019-01-24,Jan19,2019,4,Thu,4,Jan,18,ZIL,United Kingdom,2019-12-01
2019-01-25,Jan19,2019,5,Fri,4,Jan,9,ZIL,United Kingdom,2019-12-01
2019-01-25,Jan19,2019,5,Fri,4,Jan,9,LAG,United Kingdom,2019-12-01
2019-01-28,Jan19,2019,1,Mon,5,Jan,7,ZIL,France,2019-12-01
2019-01-28,Jan19,2019,1,Mon,5,Jan,18,ZIL,United Kingdom,2019-12-01
2019-01-28,Jan19,2019,1,Mon,5,Jan,4,FRI,United Kingdom,2019-12-01
2019-01-28,Jan19,2019,1,Mon,5,Jan,9,PCH,OTA,2019-12-01
2019-01-28,Jan19,2019,1,Mon,5,Jan,1,RAV,United Kingdom,2019-12-01
2019-01-28,Jan19,2019,1,Mon,5,Jan,10,TRO,United Kingdom,2019-12-01
2019-01-28,Jan19,2019,1,Mon,5,Jan,7,PCH,United Kingdom,2019-12-01
2019-01-28,Jan19,2019,1,Mon,5,Jan,14,EBA,United Kingdom,2019-12-01
2019-01-28,Jan19,2019,1,Mon,5,Jan,24,FRI,France,2019-12-01
2019-01-29,Jan19,2019,2,Tue,5,Jan,9,ZIL,United Kingdom,2019-12-01
2019-01-30,Jan19,2019,3,Wed,5,Jan,7,RAV,United Kingdom,2019-12-01
2019-01-31,Jan19,2019,4,Thu,5,Jan,23,ZIL,United Kingdom,2019-12-01
2019-01-31,Jan19,2019,4,Thu,5,Jan,7,LAG,United Kingdom,2019-12-01
2019-02-01,Feb19,2019,5,Fri,5,Feb,2,LAG,United Kingdom,2019-12-01
2019-02-01,Feb19,2019,5,Fri,5,Feb,5,CDM,United Kingdom,2019-12-01
2019-02-04,Feb19,2019,1,Mon,6,Feb,1,CDM,France,2019-12-01
2019-02-04,Feb19,2019,1,Mon,6,Feb,12,TRO,Germany,2019-12-01
2019-02-04,Feb19,2019,1,Mon,6,Feb,14,ZIL,France,2019-12-01
2019-02-04,Feb19,2019,1,Mon,6,Feb,4,PCH,United Kingdom,2019-12-01
2019-02-04,Feb19,2019,1,Mon,6,Feb,7,REC,France,2019-12-01
2019-02-04,Feb19,2019,1,Mon,6,Feb,2,ZIL,United Kingdom,2019-12-01
2019-02-04,Feb19,2019,1,Mon,6,Feb,14,ZIL,Germany,2019-12-01
2019-02-06,Feb19,2019,3,Wed,6,Feb,9,RAV,United Kingdom,2019-12-01
2019-02-06,Feb19,2019,3,Wed,6,Feb,17,ZIL,Germany,2019-12-01
2019-02-06,Feb19,2019,3,Wed,6,Feb,5,CDM,France,2019-12-01
2019-02-06,Feb19,2019,3,Wed,6,Feb,27,ZIL,United Kingdom,2019-12-01
2019-02-07,Feb19,2019,4,Thu,6,Feb,19,FRI,United Kingdom,2019-12-01
2019-02-07,Feb19,2019,4,Thu,6,Feb,14,CDM,France,2019-12-01
2019-02-07,Feb19,2019,4,Thu,6,Feb,6,CDM,OTA,2019-12-01
2019-02-07,Feb19,2019,4,Thu,6,Feb,7,ZIL,Germany,2019-12-01
2019-02-07,Feb19,2019,4,Thu,6,Feb,26,ZIL,United Kingdom,2019-12-01
2019-02-08,Feb19,2019,5,Fri,6,Feb,32,ZIL,United Kingdom,2019-12-01
2019-02-11,Feb19,2019,1,Mon,7,Feb,3,CDM,OTA,2019-12-01
2019-02-12,Feb19,2019,2,Tue,7,Feb,9,CDM,Germany,2019-12-01
2019-02-12,Feb19,2019,2,Tue,7,Feb,9,CDM,France,2019-12-01
2019-02-12,Feb19,2019,2,Tue,7,Feb,11,RAV,United Kingdom,2019-12-01
2019-02-12,Feb19,2019,2,Tue,7,Feb,2,TRO,Germany,2019-12-01
2019-02-12,Feb19,2019,2,Tue,7,Feb,8,ZIL,United Kingdom,2019-12-01
2019-02-13,Feb19,2019,3,Wed,7,Feb,9,CDM,France,2019-12-01
2019-02-13,Feb19,2019,3,Wed,7,Feb,13,RAV,United Kingdom,2019-12-01
2019-02-13,Feb19,2019,3,Wed,7,Feb,3,TRO,France,2019-12-01
2019-02-14,Feb19,2019,4,Thu,7,Feb,6,EBA,France,2019-12-01
2019-02-14,Feb19,2019,4,Thu,7,Feb,15,TRO,France,2019-12-01
2019-02-14,Feb19,2019,4,Thu,7,Feb,14,ZIL,Germany,2019-12-01
2019-02-14,Feb19,2019,4,Thu,7,Feb,9,LAG,United Kingdom,2019-12-01
2019-02-14,Feb19,2019,4,Thu,7,Feb,22,EBA,Germany,2019-12-01
2019-02-14,Feb19,2019,4,Thu,7,Feb,12,FRI,OTA,2019-12-01
2019-02-14,Feb19,2019,4,Thu,7,Feb,13,TRO,Germany,2019-12-01
2019-02-14,Feb19,2019,4,Thu,7,Feb,5,ZIL,United Kingdom,2019-12-01
2019-02-15,Feb19,2019,5,Fri,7,Feb,10,PCH,France,2019-12-01
2019-02-15,Feb19,2019,5,Fri,7,Feb,28,ZIL,United Kingdom,2019-12-01
2019-02-15,Feb19,2019,5,Fri,7,Feb,12,FRI,United Kingdom,2019-12-01
2019-02-15,Feb19,2019,5,Fri,7,Feb,10,ZIL,Germany,2019-12-01
2019-02-18,Feb19,2019,1,Mon,8,Feb,15,FRI,France,2019-12-01
2019-02-18,Feb19,2019,1,Mon,8,Feb,17,EBA,Germany,2019-12-01
2019-02-18,Feb19,2019,1,Mon,8,Feb,12,FRI,United Kingdom,2019-12-01
2019-02-18,Feb19,2019,1,Mon,8,Feb,14,EBA,United Kingdom,2019-12-01
2019-02-19,Feb19,2019,2,Tue,8,Feb,28,ZIL,United Kingdom,2019-12-01
2019-02-20,Feb19,2019,3,Wed,8,Feb,22,CDM,Germany,2019-12-01
2019-02-21,Feb19,2019,4,Thu,8,Feb,30,EBA,United Kingdom,2019-12-01
2019-02-22,Feb19,2019,5,Fri,8,Feb,41,ZIL,United Kingdom,2019-12-01
2019-02-25,Feb19,2019,1,Mon,9,Feb,7,REC,Germany,2019-12-01
2019-02-25,Feb19,2019,1,Mon,9,Feb,14,LAG,United Kingdom,2019-12-01
2019-02-25,Feb19,2019,1,Mon,9,Feb,56,FRI,France,2019-12-01
2019-02-25,Feb19,2019,1,Mon,9,Feb,18,RAV,United Kingdom,2019-12-01
2019-02-26,Feb19,2019,2,Tue,9,Feb,7,RAV,United Kingdom,2019-12-01
2019-02-26,Feb19,2019,2,Tue,9,Feb,5,REC,Germany,2019-12-01
2019-02-26,Feb19,2019,2,Tue,9,Feb,7,CDM,France,2019-12-01
2019-02-26,Feb19,2019,2,Tue,9,Feb,7,EBA,United Kingdom,2019-12-01
2019-02-27,Feb19,2019,3,Wed,9,Feb,10,CDM,France,2019-12-01
2019-02-27,Feb19,2019,3,Wed,9,Feb,6,REC,France,2019-12-01
2019-02-27,Feb19,2019,3,Wed,9,Feb,11,ZIL,United Kingdom,2019-12-01
2019-02-28,Feb19,2019,4,Thu,9,Feb,1,REC,France,2019-12-01
2019-02-28,Feb19,2019,4,Thu,9,Feb,8,FRI,United Kingdom,2019-12-01
2019-02-28,Feb19,2019,4,Thu,9,Feb,20,ZIL,Germany,2019-12-01
2019-03-01,Mar19,2019,5,Fri,9,Mar,1,ZIL,United Kingdom,2019-12-01
2019-03-01,Mar19,2019,5,Fri,9,Mar,14,LAG,United Kingdom,2019-12-01
2019-03-04,Mar19,2019,1,Mon,10,Mar,14,TRO,United Kingdom,2019-12-01
2019-03-04,Mar19,2019,1,Mon,10,Mar,3,CDM,Germany,2019-12-01
2019-03-05,Mar19,2019,2,Tue,10,Mar,11,ZIL,Germany,2019-12-01
2019-03-06,Mar19,2019,3,Wed,10,Mar,5,FRI,France,2019-12-01
2019-03-06,Mar19,2019,3,Wed,10,Mar,6,RAV,United Kingdom,2019-12-01
2019-03-06,Mar19,2019,3,Wed,10,Mar,28,ZIL,United Kingdom,2019-12-01
2019-03-06,Mar19,2019,3,Wed,10,Mar,2,ZIL,France,2019-12-01
2019-03-07,Mar19,2019,4,Thu,10,Mar,7,ZIL,United Kingdom,2019-12-01
2019-03-08,Mar19,2019,5,Fri,10,Mar,11,ZIL,United Kingdom,2019-12-01
2019-03-08,Mar19,2019,5,Fri,10,Mar,1,REC,OTA,2019-12-01
2019-03-11,Mar19,2019,1,Mon,11,Mar,14,CDM,France,2019-12-01
2019-03-11,Mar19,2019,1,Mon,11,Mar,8,ZIL,United Kingdom,2019-12-01
2019-03-11,Mar19,2019,1,Mon,11,Mar,15,RAV,United Kingdom,2019-12-01
2019-03-11,Mar19,2019,1,Mon,11,Mar,7,TRO,United Kingdom,2019-12-01
2019-03-11,Mar19,2019,1,Mon,11,Mar,4,PCH,United Kingdom,2019-12-01
2019-03-11,Mar19,2019,1,Mon,11,Mar,5,REC,United Kingdom,2019-12-01
2019-03-12,Mar19,2019,2,Tue,11,Mar,9,LAG,United Kingdom,2019-12-01
2019-03-13,Mar19,2019,3,Wed,11,Mar,12,FRI,France,2019-12-01
2019-03-13,Mar19,2019,3,Wed,11,Mar,16,RAV,United Kingdom,2019-12-01
2019-03-14,Mar19,2019,4,Thu,11,Mar,6,ZIL,Germany,2019-12-01
2019-03-14,Mar19,2019,4,Thu,11,Mar,5,CDM,France,2019-12-01
2019-03-14,Mar19,2019,4,Thu,11,Mar,3,ZIL,France,2019-12-01
2019-03-14,Mar19,2019,4,Thu,11,Mar,2,CDM,OTA,2019-12-01
2019-03-14,Mar19,2019,4,Thu,11,Mar,6,ZIL,United Kingdom,2019-12-01
2019-03-15,Mar19,2019,5,Fri,11,Mar,9,RAV,United Kingdom,2019-12-01
2019-03-15,Mar19,2019,5,Fri,11,Mar,11,ZIL,France,2019-12-01
2019-03-18,Mar19,2019,1,Mon,12,Mar,7,EBA,United Kingdom,2019-12-01
2019-03-18,Mar19,2019,1,Mon,12,Mar,22,ZIL,Germany,2019-12-01
2019-03-18,Mar19,2019,1,Mon,12,Mar,6,RAV,OTA,2019-12-01
2019-03-18,Mar19,2019,1,Mon,12,Mar,28,ZIL,United Kingdom,2019-12-01
2019-03-18,Mar19,2019,1,Mon,12,Mar,12,CDM,France,2019-12-01
2019-03-19,Mar19,2019,2,Tue,12,Mar,10,CDM,United Kingdom,2019-12-01
2019-03-19,Mar19,2019,2,Tue,12,Mar,17,CDM,France,2019-12-01
2019-03-19,Mar19,2019,2,Tue,12,Mar,6,ZIL,OTA,2019-12-01
2019-03-19,Mar19,2019,2,Tue,12,Mar,8,ZIL,United Kingdom,2019-12-01
2019-03-19,Mar19,2019,2,Tue,12,Mar,10,RAV,United Kingdom,2019-12-01
2019-03-20,Mar19,2019,3,Wed,12,Mar,30,FRI,France,2019-12-01
2019-03-20,Mar19,2019,3,Wed,12,Mar,1,TRO,Germany,2019-12-01
2019-03-20,Mar19,2019,3,Wed,12,Mar,14,ZIL,United Kingdom,2019-12-01
2019-03-21,Mar19,2019,4,Thu,12,Mar,14,LAG,United Kingdom,2019-12-01
2019-03-21,Mar19,2019,4,Thu,12,Mar,2,TRO,France,2019-12-01
2019-03-22,Mar19,2019,5,Fri,12,Mar,12,CDM,Germany,2019-12-01
2019-03-22,Mar19,2019,5,Fri,12,Mar,13,CDM,France,2019-12-01
2019-03-25,Mar19,2019,1,Mon,13,Mar,10,CDM,France,2019-12-01
2019-03-25,Mar19,2019,1,Mon,13,Mar,11,TRO,Germany,2019-12-01
2019-03-25,Mar19,2019,1,Mon,13,Mar,7,FRI,OTA,2019-12-01
2019-03-25,Mar19,2019,1,Mon,13,Mar,5,ZIL,United Kingdom,2019-12-01
2019-03-25,Mar19,2019,1,Mon,13,Mar,12,CDM,Germany,2019-12-01
2019-03-25,Mar19,2019,1,Mon,13,Mar,16,LAG,United Kingdom,2019-12-01
2019-03-25,Mar19,2019,1,Mon,13,Mar,8,ZIL,Germany,2019-12-01
2019-03-26,Mar19,2019,2,Tue,13,Mar,11,ZIL,Germany,2019-12-01
2019-03-27,Mar19,2019,3,Wed,13,Mar,3,CDM,France,2019-12-01
2019-03-27,Mar19,2019,3,Wed,13,Mar,18,ZIL,France,2019-12-01
2019-03-27,Mar19,2019,3,Wed,13,Mar,19,ZIL,United Kingdom,2019-12-01
2019-03-27,Mar19,2019,3,Wed,13,Mar,9,ZIL,Germany,2019-12-01
2019-03-27,Mar19,2019,3,Wed,13,Mar,5,PCH,United Kingdom,2019-12-01
2019-03-28,Mar19,2019,4,Thu,13,Mar,5,RAV,OTA,2019-12-01
2019-03-28,Mar19,2019,4,Thu,13,Mar,7,CDM,France,2019-12-01
2019-03-28,Mar19,2019,4,Thu,13,Mar,14,FRI,Germany,2019-12-01
2019-03-29,Mar19,2019,5,Fri,13,Mar,13,TRO,United Kingdom,2019-12-01
2019-03-29,Mar19,2019,5,Fri,13,Mar,15,CDM,France,2019-12-01
2019-03-29,Mar19,2019,5,Fri,13,Mar,48,ZIL,United Kingdom,2019-12-01
2019-03-29,Mar19,2019,5,Fri,13,Mar,13,ZIL,Germany,2019-12-01
2019-04-01,Apr19,2019,1,Mon,14,Apr,38,FRI,France,2019-12-01
2019-04-01,Apr19,2019,1,Mon,14,Apr,2,TRO,OTA,2019-12-01
2019-04-01,Apr19,2019,1,Mon,14,Apr,15,ZIL,United Kingdom,2019-12-01
2019-04-01,Apr19,2019,1,Mon,14,Apr,8,RAV,OTA,2019-12-01
2019-04-01,Apr19,2019,1,Mon,14,Apr,9,TRO,United Kingdom,2019-12-01
2019-04-01,Apr19,2019,1,Mon,14,Apr,5,ZIL,France,2019-12-01
2019-04-01,Apr19,2019,1,Mon,14,Apr,5,ZIL,Germany,2019-12-01
2019-04-02,Apr19,2019,2,Tue,14,Apr,4,TRO,Germany,2019-12-01
2019-04-02,Apr19,2019,2,Tue,14,Apr,12,TRO,United Kingdom,2019-12-01
2019-04-02,Apr19,2019,2,Tue,14,Apr,35,FRI,France,2019-12-01
2019-04-02,Apr19,2019,2,Tue,14,Apr,5,REC,France,2019-12-01
2019-04-02,Apr19,2019,2,Tue,14,Apr,10,ZIL,United Kingdom,2019-12-01
2019-04-03,Apr19,2019,3,Wed,14,Apr,3,EBA,OTA,2019-12-01
2019-04-03,Apr19,2019,3,Wed,14,Apr,4,FRI,France,2019-12-01
2019-04-04,Apr19,2019,4,Thu,14,Apr,26,EBA,United Kingdom,2019-12-01
2019-04-04,Apr19,2019,4,Thu,14,Apr,10,ZIL,Germany,2019-12-01
2019-04-05,Apr19,2019,5,Fri,14,Apr,16,ZIL,United Kingdom,2019-12-01
2019-04-05,Apr19,2019,5,Fri,14,Apr,20,EBA,United Kingdom,2019-12-01
2019-04-05,Apr19,2019,5,Fri,14,Apr,3,REC,United Kingdom,2019-12-01
2019-04-05,Apr19,2019,5,Fri,14,Apr,11,FRI,United Kingdom,2019-12-01
2019-04-08,Apr19,2019,1,Mon,15,Apr,14,CDM,Germany,2019-12-01
2019-04-08,Apr19,2019,1,Mon,15,Apr,3,TRO,France,2019-12-01
2019-04-08,Apr19,2019,1,Mon,15,Apr,10,ZIL,United Kingdom,2019-12-01
2019-04-09,Apr19,2019,2,Tue,15,Apr,12,RAV,United Kingdom,2019-12-01
2019-04-09,Apr19,2019,2,Tue,15,Apr,4,FRI,France,2019-12-01
2019-04-09,Apr19,2019,2,Tue,15,Apr,16,EBA,France,2019-12-01
2019-04-10,Apr19,2019,3,Wed,15,Apr,7,FRI,United Kingdom,2019-12-01
2019-04-10,Apr19,2019,3,Wed,15,Apr,14,REC,Germany,2019-12-01
2019-04-10,Apr19,2019,3,Wed,15,Apr,1,PCH,France,2019-12-01
2019-04-10,Apr19,2019,3,Wed,15,Apr,7,REC,France,2019-12-01
2019-04-11,Apr19,2019,4,Thu,15,Apr,5,CDM,France,2019-12-01
2019-04-11,Apr19,2019,4,Thu,15,Apr,6,REC,France,2019-12-01
2019-04-11,Apr19,2019,4,Thu,15,Apr,37,ZIL,United Kingdom,2019-12-01
2019-04-11,Apr19,2019,4,Thu,15,Apr,9,FRI,United Kingdom,2019-12-01
2019-04-11,Apr19,2019,4,Thu,15,Apr,25,REC,United Kingdom,2019-12-01
2019-04-12,Apr19,2019,5,Fri,15,Apr,21,RAV,United Kingdom,2019-12-01
2019-04-12,Apr19,2019,5,Fri,15,Apr,8,CDM,United Kingdom,2019-12-01
2019-04-12,Apr19,2019,5,Fri,15,Apr,8,ZIL,United Kingdom,2019-12-01
2019-04-12,Apr19,2019,5,Fri,15,Apr,2,EBA,France,2019-12-01
2019-04-12,Apr19,2019,5,Fri,15,Apr,21,FRI,France,2019-12-01
2019-04-15,Apr19,2019,1,Mon,16,Apr,14,CDM,France,2019-12-01
2019-04-15,Apr19,2019,1,Mon,16,Apr,5,CDM,OTA,2019-12-01
2019-04-15,Apr19,2019,1,Mon,16,Apr,11,EBA,United Kingdom,2019-12-01
2019-04-15,Apr19,2019,1,Mon,16,Apr,14,PCH,France,2019-12-01
2019-04-15,Apr19,2019,1,Mon,16,Apr,6,RAV,France,2019-12-01
2019-04-15,Apr19,2019,1,Mon,16,Apr,3,CDM,Germany,2019-12-01
2019-04-15,Apr19,2019,1,Mon,16,Apr,45,RAV,United Kingdom,2019-12-01
2019-04-16,Apr19,2019,2,Tue,16,Apr,40,RAV,United Kingdom,2019-12-01
2019-04-16,Apr19,2019,2,Tue,16,Apr,16,ZIL,Germany,2019-12-01
2019-04-16,Apr19,2019,2,Tue,16,Apr,4,ZIL,United Kingdom,2019-12-01
2019-04-16,Apr19,2019,2,Tue,16,Apr,21,CDM,France,2019-12-01
2019-04-16,Apr19,2019,2,Tue,16,Apr,4,RAV,OTA,2019-12-01
2019-04-16,Apr19,2019,2,Tue,16,Apr,5,REC,Germany,2019-12-01
2019-04-17,Apr19,2019,3,Wed,16,Apr,16,EBA,France,2019-12-01
2019-04-17,Apr19,2019,3,Wed,16,Apr,6,TRO,France,2019-12-01
2019-04-17,Apr19,2019,3,Wed,16,Apr,7,CDM,France,2019-12-01
2019-04-17,Apr19,2019,3,Wed,16,Apr,5,FRI,Germany,2019-12-01
2019-04-17,Apr19,2019,3,Wed,16,Apr,11,RAV,United Kingdom,2019-12-01
2019-04-18,Apr19,2019,4,Thu,16,Apr,6,RAV,Germany,2019-12-01
2019-04-18,Apr19,2019,4,Thu,16,Apr,10,REC,United Kingdom,2019-12-01
2019-04-18,Apr19,2019,4,Thu,16,Apr,6,CDM,France,2019-12-01
2019-04-18,Apr19,2019,4,Thu,16,Apr,11,EBA,United Kingdom,2019-12-01
2019-04-19,Apr19,2019,5,Fri,16,Apr,8,RAV,United Kingdom,2019-12-01
2019-04-22,Apr19,2019,1,Mon,17,Apr,11,EBA,United Kingdom,2019-12-01
2019-04-22,Apr19,2019,1,Mon,17,Apr,40,FRI,France,2019-12-01
2019-04-22,Apr19,2019,1,Mon,17,Apr,6,PCH,Germany,2019-12-01
2019-04-22,Apr19,2019,1,Mon,17,Apr,5,PCH,United Kingdom,2019-12-01
2019-04-22,Apr19,2019,1,Mon,17,Apr,5,CDM,France,2019-12-01
2019-04-22,Apr19,2019,1,Mon,17,Apr,25,ZIL,United Kingdom,2019-12-01
2019-04-23,Apr19,2019,2,Tue,17,Apr,11,CDM,United Kingdom,2019-12-01
2019-04-23,Apr19,2019,2,Tue,17,Apr,7,REC,France,2019-12-01
2019-04-24,Apr19,2019,3,Wed,17,Apr,5,ZIL,United Kingdom,2019-12-01
2019-04-24,Apr19,2019,3,Wed,17,Apr,12,ZIL,Germany,2019-12-01
2019-04-25,Apr19,2019,4,Thu,17,Apr,35,ZIL,Germany,2019-12-01
2019-04-25,Apr19,2019,4,Thu,17,Apr,5,REC,France,2019-12-01
2019-04-25,Apr19,2019,4,Thu,17,Apr,7,CDM,France,2019-12-01
2019-04-25,Apr19,2019,4,Thu,17,Apr,6,EBA,United Kingdom,2019-12-01
2019-04-25,Apr19,2019,4,Thu,17,Apr,2,PCH,France,2019-12-01
2019-04-26,Apr19,2019,5,Fri,17,Apr,8,EBA,United Kingdom,2019-12-01
2019-04-26,Apr19,2019,5,Fri,17,Apr,3,RAV,United Kingdom,2019-12-01
2019-04-26,Apr19,2019,5,Fri,17,Apr,8,ZIL,United Kingdom,2019-12-01
2019-04-26,Apr19,2019,5,Fri,17,Apr,6,ZIL,Germany,2019-12-01
2019-04-29,Apr19,2019,1,Mon,18,Apr,16,CDM,France,2019-12-01
2019-04-29,Apr19,2019,1,Mon,18,Apr,30,EBA,Germany,2019-12-01
2019-04-29,Apr19,2019,1,Mon,18,Apr,4,REC,France,2019-12-01
2019-04-29,Apr19,2019,1,Mon,18,Apr,4,FRI,France,2019-12-01
2019-04-29,Apr19,2019,1,Mon,18,Apr,4,RAV,OTA,2019-12-01
2019-04-30,Apr19,2019,2,Tue,18,Apr,40,CDM,France,2019-12-01
2019-04-30,Apr19,2019,2,Tue,18,Apr,15,ZIL,United Kingdom,2019-12-01
2019-04-30,Apr19,2019,2,Tue,18,Apr,6,FRI,OTA,2019-12-01
2019-04-30,Apr19,2019,2,Tue,18,Apr,11,RAV,France,2019-12-01
2019-05-02,May19,2019,4,Thu,18,May,14,LAG,Germany,2019-12-01
2019-05-02,May19,2019,4,Thu,18,May,6,PCH,United Kingdom,2019-12-01
2019-05-02,May19,2019,4,Thu,18,May,10,RAV,France,2019-12-01
2019-05-02,May19,2019,4,Thu,18,May,4,ZIL,United Kingdom,2019-12-01
2019-05-02,May19,2019,4,Thu,18,May,8,RAV,United Kingdom,2019-12-01
2019-05-03,May19,2019,5,Fri,18,May,3,TRO,OTA,2019-12-01
2019-05-03,May19,2019,5,Fri,18,May,8,CDM,OTA,2019-12-01
2019-05-03,May19,2019,5,Fri,18,May,8,REC,France,2019-12-01
2019-05-03,May19,2019,5,Fri,18,May,25,ZIL,United Kingdom,2019-12-01
2019-05-03,May19,2019,5,Fri,18,May,7,CDM,OTA,2019-12-01
2019-05-03,May19,2019,5,Fri,18,May,12,ZIL,France,2019-12-01
2019-05-06,May19,2019,1,Mon,19,May,4,FRI,OTA,2019-12-01
2019-05-06,May19,2019,1,Mon,19,May,5,REC,France,2019-12-01
2019-05-07,May19,2019,2,Tue,19,May,6,CDM,United Kingdom,2019-12-01
2019-05-07,May19,2019,2,Tue,19,May,20,ZIL,United Kingdom,2019-12-01
2019-05-07,May19,2019,2,Tue,19,May,34,CDM,France,2019-12-01
2019-05-07,May19,2019,2,Tue,19,May,14,ZIL,Germany,2019-12-01
2019-05-07,May19,2019,2,Tue,19,May,18,TRO,United Kingdom,2019-12-01
2019-05-08,May19,2019,3,Wed,19,May,3,CDM,France,2019-12-01
2019-05-08,May19,2019,3,Wed,19,May,9,TRO,Germany,2019-12-01
2019-05-08,May19,2019,3,Wed,19,May,18,ZIL,Germany,2019-12-01
2019-05-09,May19,2019,4,Thu,19,May,19,ZIL,United Kingdom,2019-12-01
2019-05-09,May19,2019,4,Thu,19,May,17,TRO,United Kingdom,2019-12-01
2019-05-10,May19,2019,5,Fri,19,May,12,REC,France,2019-12-01
2019-05-10,May19,2019,5,Fri,19,May,13,ZIL,United Kingdom,2019-12-01
2019-05-10,May19,2019,5,Fri,19,May,22,ZIL,Germany,2019-12-01
2019-05-10,May19,2019,5,Fri,19,May,4,EBA,United Kingdom,2019-12-01
2019-05-10,May19,2019,5,Fri,19,May,5,ZIL,France,2019-12-01
2019-05-13,May19,2019,1,Mon,20,May,11,ZIL,OTA,2019-12-01
2019-05-13,May19,2019,1,Mon,20,May,2,TRO,France,2019-12-01
2019-05-13,May19,2019,1,Mon,20,May,7,CDM,United Kingdom,2019-12-01
2019-05-13,May19,2019,1,Mon,20,May,9,FRI,France,2019-12-01
2019-05-14,May19,2019,2,Tue,20,May,17,LAG,Germany,2019-12-01
2019-05-14,May19,2019,2,Tue,20,May,7,RAV,OTA,2019-12-01
2019-05-14,May19,2019,2,Tue,20,May,23,RAV,United Kingdom,2019-12-01
2019-05-14,May19,2019,2,Tue,20,May,33,TRO,Germany,2019-12-01
2019-05-14,May19,2019,2,Tue,20,May,6,CDM,OTA,2019-12-01
2019-05-15,May19,2019,3,Wed,20,May,8,FRI,United Kingdom,2019-12-01
2019-05-15,May19,2019,3,Wed,20,May,21,FRI,France,2019-12-01
2019-05-15,May19,2019,3,Wed,20,May,20,TRO,Germany,2019-12-01
2019-05-15,May19,2019,3,Wed,20,May,3,REC,France,2019-12-01
2019-05-15,May19,2019,3,Wed,20,May,8,ZIL,United Kingdom,2019-12-01
2019-05-16,May19,2019,4,Thu,20,May,2,REC,France,2019-12-01
2019-05-16,May19,2019,4,Thu,20,May,5,TRO,OTA,2019-12-01
2019-05-16,May19,2019,4,Thu,20,May,2,TRO,OTA,2019-12-01
2019-05-16,May19,2019,4,Thu,20,May,14,REC,Germany,2019-12-01
2019-05-17,May19,2019,5,Fri,20,May,1,CDM,France,2019-12-01
2019-05-17,May19,2019,5,Fri,20,May,11,TRO,OTA,2019-12-01
2019-05-17,May19,2019,5,Fri,20,May,13,ZIL,United Kingdom,2019-12-01
2019-05-17,May19,2019,5,Fri,20,May,6,REC,France,2019-12-01
2019-05-20,May19,2019,1,Mon,21,May,14,CDM,OTA,2019-12-01
2019-05-20,May19,2019,1,Mon,21,May,6,RAV,OTA,2019-12-01
2019-05-20,May19,2019,1,Mon,21,May,8,FRI,United Kingdom,2019-12-01
2019-05-20,May19,2019,1,Mon,21,May,6,RAV,OTA,2019-12-01
2019-05-20,May19,2019,1,Mon,21,May,5,ZIL,United Kingdom,2019-12-01
2019-05-21,May19,2019,2,Tue,21,May,12,LAG,Germany,2019-12-01
2019-05-21,May19,2019,2,Tue,21,May,5,PCH,OTA,2019-12-01
2019-05-21,May19,2019,2,Tue,21,May,6,RAV,United Kingdom,2019-12-01
2019-05-21,May19,2019,2,Tue,21,May,11,TRO,United Kingdom,2019-12-01
2019-05-21,May19,2019,2,Tue,21,May,1,ZIL,Germany,2019-12-01
2019-05-21,May19,2019,2,Tue,21,May,7,CDM,France,2019-12-01
2019-05-21,May19,2019,2,Tue,21,May,4,EBA,United Kingdom,2019-12-01
2019-05-22,May19,2019,3,Wed,21,May,7,EBA,United Kingdom,2019-12-01
2019-05-22,May19,2019,3,Wed,21,May,1,EBA,France,2019-12-01
2019-05-22,May19,2019,3,Wed,21,May,11,REC,France,2019-12-01
2019-05-22,May19,2019,3,Wed,21,May,14,LAG,Germany,2019-12-01
2019-05-22,May19,2019,3,Wed,21,May,12,ZIL,United Kingdom,2019-12-01
2019-05-23,May19,2019,4,Thu,21,May,8,REC,OTA,2019-12-01
2019-05-23,May19,2019,4,Thu,21,May,19,RAV,United Kingdom,2019-12-01
2019-05-23,May19,2019,4,Thu,21,May,22,ZIL,France,2019-12-01
2019-05-23,May19,2019,4,Thu,21,May,12,TRO,United Kingdom,2019-12-01
2019-05-23,May19,2019,4,Thu,21,May,13,REC,United Kingdom,2019-12-01
2019-05-23,May19,2019,4,Thu,21,May,3,TRO,OTA,2019-12-01
2019-05-23,May19,2019,4,Thu,21,May,20,ZIL,Germany,2019-12-01
2019-05-24,May19,2019,5,Fri,21,May,7,ZIL,France,2019-12-01
2019-05-24,May19,2019,5,Fri,21,May,11,RAV,United Kingdom,2019-12-01
2019-05-24,May19,2019,5,Fri,21,May,12,CDM,Germany,2019-12-01
2019-05-24,May19,2019,5,Fri,21,May,1,REC,OTA,2019-12-01
2019-05-24,May19,2019,5,Fri,21,May,8,ZIL,Germany,2019-12-01
2019-05-24,May19,2019,5,Fri,21,May,13,LAG,Germany,2019-12-01
2019-05-27,May19,2019,1,Mon,22,May,5,CDM,France,2019-12-01
2019-05-27,May19,2019,1,Mon,22,May,6,REC,OTA,2019-12-01
2019-05-27,May19,2019,1,Mon,22,May,22,ZIL,France,2019-12-01
2019-05-27,May19,2019,1,Mon,22,May,10,EBA,France,2019-12-01
2019-05-27,May19,2019,1,Mon,22,May,7,RAV,United Kingdom,2019-12-01
2019-05-27,May19,2019,1,Mon,22,May,1,TRO,OTA,2019-12-01
2019-05-27,May19,2019,1,Mon,22,May,14,RAV,France,2019-12-01
2019-05-27,May19,2019,1,Mon,22,May,9,REC,OTA,2019-12-01
2019-05-28,May19,2019,2,Tue,22,May,13,PCH,Germany,2019-12-01
2019-05-28,May19,2019,2,Tue,22,May,11,RAV,United Kingdom,2019-12-01
2019-05-28,May19,2019,2,Tue,22,May,2,ZIL,Germany,2019-12-01
2019-05-28,May19,2019,2,Tue,22,May,6,REC,OTA,2019-12-01
2019-05-28,May19,2019,2,Tue,22,May,4,REC,Germany,2019-12-01
2019-05-29,May19,2019,3,Wed,22,May,21,ZIL,France,2019-12-01
2019-05-29,May19,2019,3,Wed,22,May,6,RAV,France,2019-12-01
2019-05-29,May19,2019,3,Wed,22,May,10,ZIL,Germany,2019-12-01
2019-05-29,May19,2019,3,Wed,22,May,7,ZIL,United Kingdom,2019-12-01
2019-05-29,May19,2019,3,Wed,22,May,7,LAG,Germany,2019-12-01
2019-05-30,May19,2019,4,Thu,22,May,8,REC,OTA,2019-12-01
2019-05-30,May19,2019,4,Thu,22,May,8,ZIL,Germany,2019-12-01
2019-05-30,May19,2019,4,Thu,22,May,2,PCH,OTA,2019-12-01
2019-05-30,May19,2019,4,Thu,22,May,34,LAG,Germany,2019-12-01
2019-05-31,May19,2019,5,Fri,22,May,5,REC,OTA,2019-12-01
2019-05-31,May19,2019,5,Fri,22,May,7,TRO,OTA,2019-12-01
2019-05-31,May19,2019,5,Fri,22,May,37,ZIL,United Kingdom,2019-12-01
2019-06-03,Jun19,2019,1,Mon,23,Jun,3,REC,OTA,2019-12-01
2019-06-03,Jun19,2019,1,Mon,23,Jun,12,ZIL,France,2019-12-01
2019-06-03,Jun19,2019,1,Mon,23,Jun,16,REC,United Kingdom,2019-12-01
2019-06-04,Jun19,2019,2,Tue,23,Jun,4,RAV,Germany,2019-12-01
2019-06-04,Jun19,2019,2,Tue,23,Jun,2,TRO,OTA,2019-12-01
2019-06-04,Jun19,2019,2,Tue,23,Jun,11,LAG,Germany,2019-12-01
2019-06-04,Jun19,2019,2,Tue,23,Jun,14,TRO,Germany,2019-12-01
2019-06-04,Jun19,2019,2,Tue,23,Jun,17,ZIL,United Kingdom,2019-12-01
2019-06-06,Jun19,2019,4,Thu,23,Jun,4,REC,OTA,2019-12-01
2019-06-07,Jun19,2019,5,Fri,23,Jun,11,LAG,Germany,2019-12-01
2019-06-07,Jun19,2019,5,Fri,23,Jun,5,ZIL,France,2019-12-01
2019-06-07,Jun19,2019,5,Fri,23,Jun,14,TRO,France,2019-12-01
2019-06-10,Jun19,2019,1,Mon,24,Jun,4,CDM,France,2019-12-01
2019-06-10,Jun19,2019,1,Mon,24,Jun,7,ZIL,France,2019-12-01
2019-06-10,Jun19,2019,1,Mon,24,Jun,14,PCH,United Kingdom,2019-12-01
2019-06-10,Jun19,2019,1,Mon,24,Jun,11,EBA,United Kingdom,2019-12-01
2019-06-10,Jun19,2019,1,Mon,24,Jun,10,REC,OTA,2019-12-01
2019-06-10,Jun19,2019,1,Mon,24,Jun,7,EBA,France,2019-12-01
2019-06-10,Jun19,2019,1,Mon,24,Jun,3,RAV,United Kingdom,2019-12-01
2019-06-11,Jun19,2019,2,Tue,24,Jun,10,RAV,United Kingdom,2019-12-01
2019-06-11,Jun19,2019,2,Tue,24,Jun,4,REC,France,2019-12-01
2019-06-11,Jun19,2019,2,Tue,24,Jun,10,REC,OTA,2019-12-01
2019-06-11,Jun19,2019,2,Tue,24,Jun,4,EBA,United Kingdom,2019-12-01
2019-06-12,Jun19,2019,3,Wed,24,Jun,11,TRO,Germany,2019-12-01
2019-06-12,Jun19,2019,3,Wed,24,Jun,31,ZIL,United Kingdom,2019-12-01
2019-06-12,Jun19,2019,3,Wed,24,Jun,4,PCH,Germany,2019-12-01
2019-06-12,Jun19,2019,3,Wed,24,Jun,7,RAV,OTA,2019-12-01
2019-06-12,Jun19,2019,3,Wed,24,Jun,6,REC,OTA,2019-12-01
2019-06-12,Jun19,2019,3,Wed,24,Jun,4,LAG,Germany,2019-12-01
2019-06-12,Jun19,2019,3,Wed,24,Jun,7,PCH,France,2019-12-01
2019-06-12,Jun19,2019,3,Wed,24,Jun,2,PCH,United Kingdom,2019-12-01
2019-06-13,Jun19,2019,4,Thu,24,Jun,44,ZIL,United Kingdom,2019-12-01
2019-06-13,Jun19,2019,4,Thu,24,Jun,11,RAV,United Kingdom,2019-12-01
2019-06-13,Jun19,2019,4,Thu,24,Jun,3,ZIL,Germany,2019-12-01
2019-06-13,Jun19,2019,4,Thu,24,Jun,10,PCH,United Kingdom,2019-12-01
2019-06-14,Jun19,2019,5,Fri,24,Jun,6,ZIL,United Kingdom,2019-12-01
2019-06-17,Jun19,2019,1,Mon,25,Jun,6,RAV,OTA,2019-12-01
2019-06-17,Jun19,2019,1,Mon,25,Jun,28,RAV,United Kingdom,2019-12-01
2019-06-17,Jun19,2019,1,Mon,25,Jun,14,EBA,United Kingdom,2019-12-01
2019-06-17,Jun19,2019,1,Mon,25,Jun,10,PCH,United Kingdom,2019-12-01
2019-06-17,Jun19,2019,1,Mon,25,Jun,7,ZIL,United Kingdom,2019-12-01
2019-06-18,Jun19,2019,2,Tue,25,Jun,13,REC,OTA,2019-12-01
2019-06-18,Jun19,2019,2,Tue,25,Jun,15,TRO,Germany,2019-12-01
2019-06-18,Jun19,2019,2,Tue,25,Jun,13,TRO,United Kingdom,2019-12-01
2019-06-18,Jun19,2019,2,Tue,25,Jun,9,REC,OTA,2019-12-01
2019-06-19,Jun19,2019,3,Wed,25,Jun,7,CDM,France,2019-12-01
2019-06-19,Jun19,2019,3,Wed,25,Jun,14,TRO,Germany,2019-12-01
2019-06-19,Jun19,2019,3,Wed,25,Jun,20,ZIL,United Kingdom,2019-12-01
2019-06-19,Jun19,2019,3,Wed,25,Jun,16,ZIL,Germany,2019-12-01
2019-06-19,Jun19,2019,3,Wed,25,Jun,4,CDM,United Kingdom,2019-12-01
2019-06-19,Jun19,2019,3,Wed,25,Jun,9,REC,OTA,2019-12-01
2019-06-20,Jun19,2019,4,Thu,25,Jun,8,ZIL,France,2019-12-01
2019-06-20,Jun19,2019,4,Thu,25,Jun,5,ZIL,United Kingdom,2019-12-01
2019-06-20,Jun19,2019,4,Thu,25,Jun,16,CDM,Germany,2019-12-01
2019-06-20,Jun19,2019,4,Thu,25,Jun,4,RAV,United Kingdom,2019-12-01
2019-06-20,Jun19,2019,4,Thu,25,Jun,11,ZIL,Germany,2019-12-01
2019-06-21,Jun19,2019,5,Fri,25,Jun,9,RAV,Germany,2019-12-01
2019-06-21,Jun19,2019,5,Fri,25,Jun,18,FRI,France,2019-12-01
2019-06-21,Jun19,2019,5,Fri,25,Jun,4,PCH,United Kingdom,2019-12-01
2019-06-21,Jun19,2019,5,Fri,25,Jun,10,REC,OTA,2019-12-01
2019-06-21,Jun19,2019,5,Fri,25,Jun,6,CDM,France,2019-12-01
2019-06-21,Jun19,2019,5,Fri,25,Jun,4,REC,OTA,2019-12-01
2019-06-24,Jun19,2019,1,Mon,26,Jun,5,EBA,France,2019-12-01
2019-06-24,Jun19,2019,1,Mon,26,Jun,5,FRI,United Kingdom,2019-12-01
2019-06-24,Jun19,2019,1,Mon,26,Jun,3,RAV,United Kingdom,2019-12-01
2019-06-25,Jun19,2019,2,Tue,26,Jun,3,RAV,OTA,2019-12-01
2019-06-25,Jun19,2019,2,Tue,26,Jun,58,ZIL,United Kingdom,2019-12-01
2019-06-25,Jun19,2019,2,Tue,26,Jun,4,CDM,France,2019-12-01
2019-06-25,Jun19,2019,2,Tue,26,Jun,4,FRI,United Kingdom,2019-12-01
2019-06-26,Jun19,2019,3,Wed,26,Jun,14,REC,United Kingdom,2019-12-01
2019-06-26,Jun19,2019,3,Wed,26,Jun,10,PCH,United Kingdom,2019-12-01
2019-06-26,Jun19,2019,3,Wed,26,Jun,14,RAV,United Kingdom,2019-12-01
2019-06-26,Jun19,2019,3,Wed,26,Jun,8,ZIL,France,2019-12-01
2019-06-27,Jun19,2019,4,Thu,26,Jun,9,REC,OTA,2019-12-01
2019-06-27,Jun19,2019,4,Thu,26,Jun,4,CDM,France,2019-12-01
2019-06-27,Jun19,2019,4,Thu,26,Jun,9,ZIL,France,2019-12-01
2019-06-27,Jun19,2019,4,Thu,26,Jun,13,RAV,United Kingdom,2019-12-01
2019-06-28,Jun19,2019,5,Fri,26,Jun,8,CDM,Germany,2019-12-01
2019-06-28,Jun19,2019,5,Fri,26,Jun,5,PCH,United Kingdom,2019-12-01
2019-06-28,Jun19,2019,5,Fri,26,Jun,1,REC,France,2019-12-01
2019-06-28,Jun19,2019,5,Fri,26,Jun,20,REC,OTA,2019-12-01
2019-06-28,Jun19,2019,5,Fri,26,Jun,3,CDM,France,2019-12-01
2019-07-01,Jul19,2019,1,Mon,27,Jul,9,RAV,OTA,2019-12-01
2019-07-01,Jul19,2019,1,Mon,27,Jul,1,RAV,United Kingdom,2019-12-01
2019-07-01,Jul19,2019,1,Mon,27,Jul,15,TRO,United Kingdom,2019-12-01
2019-07-01,Jul19,2019,1,Mon,27,Jul,10,CDM,France,2019-12-01
2019-07-01,Jul19,2019,1,Mon,27,Jul,2,REC,OTA,2019-12-01
2019-07-01,Jul19,2019,1,Mon,27,Jul,17,ZIL,United Kingdom,2019-12-01
2019-07-01,Jul19,2019,1,Mon,27,Jul,3,EBA,OTA,2019-12-01
2019-07-01,Jul19,2019,1,Mon,27,Jul,1,REC,United Kingdom,2019-12-01
2019-07-02,Jul19,2019,2,Tue,27,Jul,7,REC,United Kingdom,2019-12-01
2019-07-02,Jul19,2019,2,Tue,27,Jul,7,ZIL,United Kingdom,2019-12-01
2019-07-02,Jul19,2019,2,Tue,27,Jul,4,REC,OTA,2019-12-01
2019-07-02,Jul19,2019,2,Tue,27,Jul,11,TRO,United Kingdom,2019-12-01
2019-07-02,Jul19,2019,2,Tue,27,Jul,8,ZIL,France,2019-12-01
2019-07-02,Jul19,2019,2,Tue,27,Jul,4,CDM,France,2019-12-01
2019-07-02,Jul19,2019,2,Tue,27,Jul,5,ZIL,OTA,2019-12-01
2019-07-02,Jul19,2019,2,Tue,27,Jul,16,PCH,Germany,2019-12-01
2019-07-02,Jul19,2019,2,Tue,27,Jul,3,REC,France,2019-12-01
2019-07-03,Jul19,2019,3,Wed,27,Jul,10,FRI,United Kingdom,2019-12-01
2019-07-03,Jul19,2019,3,Wed,27,Jul,10,PCH,France,2019-12-01
2019-07-03,Jul19,2019,3,Wed,27,Jul,7,REC,OTA,2019-12-01
2019-07-03,Jul19,2019,3,Wed,27,Jul,4,ZIL,Germany,2019-12-01
2019-07-03,Jul19,2019,3,Wed,27,Jul,9,REC,France,2019-12-01
2019-07-03,Jul19,2019,3,Wed,27,Jul,20,REC,OTA,2019-12-01
2019-07-04,Jul19,2019,4,Thu,27,Jul,2,REC,OTA,2019-12-01
2019-07-04,Jul19,2019,4,Thu,27,Jul,14,ZIL,United Kingdom,2019-12-01
2019-07-04,Jul19,2019,4,Thu,27,Jul,5,CDM,France,2019-12-01
2019-07-04,Jul19,2019,4,Thu,27,Jul,1,EBA,United Kingdom,2019-12-01
2019-07-04,Jul19,2019,4,Thu,27,Jul,5,PCH,France,2019-12-01
2019-07-05,Jul19,2019,5,Fri,27,Jul,8,ZIL,France,2019-12-01
2019-07-05,Jul19,2019,5,Fri,27,Jul,14,RAV,United Kingdom,2019-12-01
2019-07-05,Jul19,2019,5,Fri,27,Jul,4,REC,United Kingdom,2019-12-01
2019-07-05,Jul19,2019,5,Fri,27,Jul,12,LAG,Germany,2019-12-01
2019-07-08,Jul19,2019,1,Mon,28,Jul,14,EBA,United Kingdom,2019-12-01
2019-07-08,Jul19,2019,1,Mon,28,Jul,7,REC,France,2019-12-01
2019-07-08,Jul19,2019,1,Mon,28,Jul,1,REC,United Kingdom,2019-12-01
2019-07-08,Jul19,2019,1,Mon,28,Jul,1,RAV,OTA,2019-12-01
2019-07-09,Jul19,2019,2,Tue,28,Jul,4,REC,France,2019-12-01
2019-07-09,Jul19,2019,2,Tue,28,Jul,7,ZIL,United Kingdom,2019-12-01
2019-07-09,Jul19,2019,2,Tue,28,Jul,33,ZIL,Germany,2019-12-01
2019-07-09,Jul19,2019,2,Tue,28,Jul,8,LAG,Germany,2019-12-01
2019-07-09,Jul19,2019,2,Tue,28,Jul,1,RAV,France,2019-12-01
2019-07-09,Jul19,2019,2,Tue,28,Jul,3,CDM,France,2019-12-01
2019-07-10,Jul19,2019,3,Wed,28,Jul,17,ZIL,France,2019-12-01
2019-07-10,Jul19,2019,3,Wed,28,Jul,4,REC,France,2019-12-01
2019-07-10,Jul19,2019,3,Wed,28,Jul,5,ZIL,Germany,2019-12-01
2019-07-10,Jul19,2019,3,Wed,28,Jul,14,ZIL,United Kingdom,2019-12-01
2019-07-10,Jul19,2019,3,Wed,28,Jul,9,PCH,United Kingdom,2019-12-01
2019-07-11,Jul19,2019,4,Thu,28,Jul,18,FRI,OTA,2019-12-01
2019-07-11,Jul19,2019,4,Thu,28,Jul,22,ZIL,United Kingdom,2019-12-01
2019-07-11,Jul19,2019,4,Thu,28,Jul,4,PCH,United Kingdom,2019-12-01
2019-07-11,Jul19,2019,4,Thu,28,Jul,32,TRO,Germany,2019-12-01
2019-07-12,Jul19,2019,5,Fri,28,Jul,9,CDM,Germany,2019-12-01
2019-07-12,Jul19,2019,5,Fri,28,Jul,36,EBA,France,2019-12-01
2019-07-12,Jul19,2019,5,Fri,28,Jul,24,LAG,United Kingdom,2019-12-01
2019-07-12,Jul19,2019,5,Fri,28,Jul,6,RAV,Germany,2019-12-01
2019-07-12,Jul19,2019,5,Fri,28,Jul,18,ZIL,Germany,2019-12-01
2019-07-12,Jul19,2019,5,Fri,28,Jul,6,FRI,France,2019-12-01
2019-07-12,Jul19,2019,5,Fri,28,Jul,5,PCH,Germany,2019-12-01
2019-07-12,Jul19,2019,5,Fri,28,Jul,9,ZIL,United Kingdom,2019-12-01
2019-07-12,Jul19,2019,5,Fri,28,Jul,5,CDM,France,2019-12-01
2019-07-12,Jul19,2019,5,Fri,28,Jul,8,RAV,United Kingdom,2019-12-01
2019-07-15,Jul19,2019,1,Mon,29,Jul,10,LAG,United Kingdom,2019-12-01
2019-07-15,Jul19,2019,1,Mon,29,Jul,14,REC,France,2019-12-01
2019-07-15,Jul19,2019,1,Mon,29,Jul,4,ZIL,OTA,2019-12-01
2019-07-15,Jul19,2019,1,Mon,29,Jul,9,ZIL,United Kingdom,2019-12-01
2019-07-15,Jul19,2019,1,Mon,29,Jul,27,RAV,United Kingdom,2019-12-01
2019-07-15,Jul19,2019,1,Mon,29,Jul,3,ZIL,Germany,2019-12-01
2019-07-16,Jul19,2019,2,Tue,29,Jul,7,RAV,United Kingdom,2019-12-01
2019-07-16,Jul19,2019,2,Tue,29,Jul,7,LAG,United Kingdom,2019-12-01
2019-07-16,Jul19,2019,2,Tue,29,Jul,7,REC,France,2019-12-01
2019-07-16,Jul19,2019,2,Tue,29,Jul,8,ZIL,United Kingdom,2019-12-01
2019-07-17,Jul19,2019,3,Wed,29,Jul,7,TRO,France,2019-12-01
2019-07-17,Jul19,2019,3,Wed,29,Jul,12,ZIL,United Kingdom,2019-12-01
2019-07-18,Jul19,2019,4,Thu,29,Jul,2,RAV,United Kingdom,2019-12-01
2019-07-18,Jul19,2019,4,Thu,29,Jul,10,REC,United Kingdom,2019-12-01
2019-07-18,Jul19,2019,4,Thu,29,Jul,29,ZIL,United Kingdom,2019-12-01
2019-07-18,Jul19,2019,4,Thu,29,Jul,7,LAG,United Kingdom,2019-12-01
2019-07-18,Jul19,2019,4,Thu,29,Jul,9,ZIL,France,2019-12-01
2019-07-19,Jul19,2019,5,Fri,29,Jul,14,LAG,Germany,2019-12-01
2019-07-19,Jul19,2019,5,Fri,29,Jul,7,CDM,Germany,2019-12-01
2019-07-19,Jul19,2019,5,Fri,29,Jul,5,ZIL,United Kingdom,2019-12-01
2019-07-19,Jul19,2019,5,Fri,29,Jul,4,CDM,OTA,2019-12-01
2019-07-19,Jul19,2019,5,Fri,29,Jul,4,PCH,OTA,2019-12-01
2019-07-19,Jul19,2019,5,Fri,29,Jul,25,RAV,Germany,2019-12-01
2019-07-22,Jul19,2019,1,Mon,30,Jul,10,CDM,France,2019-12-01
2019-07-22,Jul19,2019,1,Mon,30,Jul,8,ZIL,France,2019-12-01
2019-07-22,Jul19,2019,1,Mon,30,Jul,2,CDM,Germany,2019-12-01
2019-07-22,Jul19,2019,1,Mon,30,Jul,13,EBA,United Kingdom,2019-12-01
2019-07-22,Jul19,2019,1,Mon,30,Jul,20,LAG,United Kingdom,2019-12-01
2019-07-22,Jul19,2019,1,Mon,30,Jul,5,TRO,OTA,2019-12-01
2019-07-22,Jul19,2019,1,Mon,30,Jul,11,ZIL,Germany,2019-12-01
2019-07-22,Jul19,2019,1,Mon,30,Jul,20,RAV,United Kingdom,2019-12-01
2019-07-23,Jul19,2019,2,Tue,30,Jul,1,PCH,United Kingdom,2019-12-01
2019-07-23,Jul19,2019,2,Tue,30,Jul,1,REC,France,2019-12-01
2019-07-23,Jul19,2019,2,Tue,30,Jul,1,ZIL,OTA,2019-12-01
2019-07-24,Jul19,2019,3,Wed,30,Jul,6,ZIL,France,2019-12-01
2019-07-24,Jul19,2019,3,Wed,30,Jul,7,REC,France,2019-12-01
2019-07-24,Jul19,2019,3,Wed,30,Jul,9,PCH,OTA,2019-12-01
2019-07-24,Jul19,2019,3,Wed,30,Jul,21,RAV,United Kingdom,2019-12-01
2019-07-24,Jul19,2019,3,Wed,30,Jul,3,TRO,OTA,2019-12-01
2019-07-24,Jul19,2019,3,Wed,30,Jul,4,PCH,France,2019-12-01
2019-07-24,Jul19,2019,3,Wed,30,Jul,13,PCH,OTA,2019-12-01
2019-07-25,Jul19,2019,4,Thu,30,Jul,2,CDM,OTA,2019-12-01
2019-07-25,Jul19,2019,4,Thu,30,Jul,11,LAG,France,2019-12-01
2019-07-25,Jul19,2019,4,Thu,30,Jul,4,REC,France,2019-12-01
2019-07-25,Jul19,2019,4,Thu,30,Jul,8,CDM,Germany,2019-12-01
2019-07-25,Jul19,2019,4,Thu,30,Jul,4,EBA,France,2019-12-01
2019-07-25,Jul19,2019,4,Thu,30,Jul,21,FRI,France,2019-12-01
2019-07-25,Jul19,2019,4,Thu,30,Jul,4,LAG,OTA,2019-12-01
2019-07-25,Jul19,2019,4,Thu,30,Jul,13,RAV,United Kingdom,2019-12-01
2019-07-25,Jul19,2019,4,Thu,30,Jul,8,RAV,France,2019-12-01
2019-07-25,Jul19,2019,4,Thu,30,Jul,7,CDM,France,2019-12-01
2019-07-25,Jul19,2019,4,Thu,30,Jul,10,LAG,United Kingdom,2019-12-01
2019-07-25,Jul19,2019,4,Thu,30,Jul,8,RAV,OTA,2019-12-01
2019-07-26,Jul19,2019,5,Fri,30,Jul,3,CDM,France,2019-12-01
2019-07-26,Jul19,2019,5,Fri,30,Jul,2,TRO,Germany,2019-12-01
2019-07-26,Jul19,2019,5,Fri,30,Jul,33,ZIL,United Kingdom,2019-12-01
2019-07-26,Jul19,2019,5,Fri,30,Jul,7,FRI,United Kingdom,2019-12-01
2019-07-26,Jul19,2019,5,Fri,30,Jul,4,PCH,United Kingdom,2019-12-01
2019-07-26,Jul19,2019,5,Fri,30,Jul,15,RAV,United Kingdom,2019-12-01
2019-07-29,Jul19,2019,1,Mon,31,Jul,25,LAG,United Kingdom,2019-12-01
2019-07-29,Jul19,2019,1,Mon,31,Jul,10,LAG,Germany,2019-12-01
2019-07-29,Jul19,2019,1,Mon,31,Jul,8,RAV,OTA,2019-12-01
2019-07-29,Jul19,2019,1,Mon,31,Jul,6,RAV,United Kingdom,2019-12-01
2019-07-29,Jul19,2019,1,Mon,31,Jul,29,TRO,United Kingdom,2019-12-01
2019-07-30,Jul19,2019,2,Tue,31,Jul,8,RAV,United Kingdom,2019-12-01
2019-07-30,Jul19,2019,2,Tue,31,Jul,9,REC,Germany,2019-12-01
2019-07-30,Jul19,2019,2,Tue,31,Jul,12,TRO,OTA,2019-12-01
2019-07-30,Jul19,2019,2,Tue,31,Jul,10,ZIL,Germany,2019-12-01
2019-07-30,Jul19,2019,2,Tue,31,Jul,7,PCH,United Kingdom,2019-12-01
2019-07-30,Jul19,2019,2,Tue,31,Jul,4,REC,France,2019-12-01
2019-07-30,Jul19,2019,2,Tue,31,Jul,7,CDM,France,2019-12-01
2019-07-31,Jul19,2019,3,Wed,31,Jul,21,RAV,France,2019-12-01
2019-07-31,Jul19,2019,3,Wed,31,Jul,3,PCH,United Kingdom,2019-12-01
2019-07-31,Jul19,2019,3,Wed,31,Jul,11,CDM,United Kingdom,2019-12-01
2019-07-31,Jul19,2019,3,Wed,31,Jul,13,EBA,France,2019-12-01
2019-07-31,Jul19,2019,3,Wed,31,Jul,4,PCH,OTA,2019-12-01
2019-07-31,Jul19,2019,3,Wed,31,Jul,6,TRO,France,2019-12-01
2019-07-31,Jul19,2019,3,Wed,31,Jul,22,ZIL,Germany,2019-12-01
2019-08-01,Aug19,2019,4,Thu,31,Aug,5,RAV,United Kingdom,2019-12-01
2019-08-01,Aug19,2019,4,Thu,31,Aug,2,RAV,France,2019-12-01
2019-08-01,Aug19,2019,4,Thu,31,Aug,11,CDM,France,2019-12-01
2019-08-01,Aug19,2019,4,Thu,31,Aug,4,ZIL,OTA,2019-12-01
2019-08-01,Aug19,2019,4,Thu,31,Aug,21,ZIL,United Kingdom,2019-12-01
2019-08-02,Aug19,2019,5,Fri,31,Aug,10,RAV,United Kingdom,2019-12-01
2019-08-02,Aug19,2019,5,Fri,31,Aug,27,ZIL,Germany,2019-12-01
2019-08-05,Aug19,2019,1,Mon,32,Aug,4,PCH,United Kingdom,2019-12-01
2019-08-05,Aug19,2019,1,Mon,32,Aug,24,RAV,United Kingdom,2019-12-01
2019-08-05,Aug19,2019,1,Mon,32,Aug,10,ZIL,France,2019-12-01
2019-08-05,Aug19,2019,1,Mon,32,Aug,12,TRO,France,2019-12-01
2019-08-06,Aug19,2019,2,Tue,32,Aug,10,CDM,France,2019-12-01
2019-08-06,Aug19,2019,2,Tue,32,Aug,9,RAV,United Kingdom,2019-12-01
2019-08-06,Aug19,2019,2,Tue,32,Aug,1,ZIL,OTA,2019-12-01
2019-08-06,Aug19,2019,2,Tue,32,Aug,1,REC,OTA,2019-12-01
2019-08-06,Aug19,2019,2,Tue,32,Aug,8,CDM,United Kingdom,2019-12-01
2019-08-06,Aug19,2019,2,Tue,32,Aug,9,FRI,France,2019-12-01
2019-08-06,Aug19,2019,2,Tue,32,Aug,12,LAG,Germany,2019-12-01
2019-08-07,Aug19,2019,3,Wed,32,Aug,6,LAG,Germany,2019-12-01
2019-08-07,Aug19,2019,3,Wed,32,Aug,10,RAV,France,2019-12-01
2019-08-07,Aug19,2019,3,Wed,32,Aug,20,REC,France,2019-12-01
2019-08-07,Aug19,2019,3,Wed,32,Aug,14,CDM,France,2019-12-01
2019-08-07,Aug19,2019,3,Wed,32,Aug,16,RAV,United Kingdom,2019-12-01
2019-08-07,Aug19,2019,3,Wed,32,Aug,18,ZIL,France,2019-12-01
2019-08-07,Aug19,2019,3,Wed,32,Aug,3,LAG,United Kingdom,2019-12-01
2019-08-07,Aug19,2019,3,Wed,32,Aug,11,REC,United Kingdom,2019-12-01
2019-08-08,Aug19,2019,4,Thu,32,Aug,21,ZIL,United Kingdom,2019-12-01
2019-08-08,Aug19,2019,4,Thu,32,Aug,10,RAV,United Kingdom,2019-12-01
2019-08-08,Aug19,2019,4,Thu,32,Aug,11,RAV,France,2019-12-01
2019-08-08,Aug19,2019,4,Thu,32,Aug,1,ZIL,Germany,2019-12-01
2019-08-08,Aug19,2019,4,Thu,32,Aug,10,REC,France,2019-12-01
2019-08-09,Aug19,2019,5,Fri,32,Aug,23,LAG,Germany,2019-12-01
2019-08-09,Aug19,2019,5,Fri,32,Aug,4,REC,France,2019-12-01
2019-08-09,Aug19,2019,5,Fri,32,Aug,8,ZIL,France,2019-12-01
2019-08-09,Aug19,2019,5,Fri,32,Aug,8,ZIL,United Kingdom,2019-12-01
2019-08-09,Aug19,2019,5,Fri,32,Aug,5,LAG,France,2019-12-01
2019-08-09,Aug19,2019,5,Fri,32,Aug,8,REC,United Kingdom,2019-12-01
2019-08-09,Aug19,2019,5,Fri,32,Aug,12,TRO,France,2019-12-01
2019-08-09,Aug19,2019,5,Fri,32,Aug,9,FRI,France,2019-12-01
2019-08-09,Aug19,2019,5,Fri,32,Aug,12,RAV,France,2019-12-01
2019-08-12,Aug19,2019,1,Mon,33,Aug,7,REC,France,2019-12-01
2019-08-12,Aug19,2019,1,Mon,33,Aug,20,LAG,Germany,2019-12-01
2019-08-12,Aug19,2019,1,Mon,33,Aug,9,PCH,United Kingdom,2019-12-01
2019-08-12,Aug19,2019,1,Mon,33,Aug,8,RAV,United Kingdom,2019-12-01
2019-08-12,Aug19,2019,1,Mon,33,Aug,6,CDM,France,2019-12-01
2019-08-13,Aug19,2019,2,Tue,33,Aug,5,CDM,France,2019-12-01
2019-08-13,Aug19,2019,2,Tue,33,Aug,5,PCH,OTA,2019-12-01
2019-08-13,Aug19,2019,2,Tue,33,Aug,4,RAV,OTA,2019-12-01
2019-08-13,Aug19,2019,2,Tue,33,Aug,5,PCH,United Kingdom,2019-12-01
2019-08-13,Aug19,2019,2,Tue,33,Aug,10,RAV,United Kingdom,2019-12-01
2019-08-13,Aug19,2019,2,Tue,33,Aug,4,REC,Germany,2019-12-01
2019-08-13,Aug19,2019,2,Tue,33,Aug,9,CDM,Germany,2019-12-01
2019-08-13,Aug19,2019,2,Tue,33,Aug,2,CDM,United Kingdom,2019-12-01
2019-08-13,Aug19,2019,2,Tue,33,Aug,18,ZIL,United Kingdom,2019-12-01
2019-08-14,Aug19,2019,3,Wed,33,Aug,16,RAV,France,2019-12-01
2019-08-14,Aug19,2019,3,Wed,33,Aug,16,REC,France,2019-12-01
2019-08-14,Aug19,2019,3,Wed,33,Aug,19,PCH,Germany,2019-12-01
2019-08-14,Aug19,2019,3,Wed,33,Aug,4,RAV,Germany,2019-12-01
2019-08-14,Aug19,2019,3,Wed,33,Aug,12,REC,OTA,2019-12-01
2019-08-14,Aug19,2019,3,Wed,33,Aug,8,ZIL,Germany,2019-12-01
2019-08-14,Aug19,2019,3,Wed,33,Aug,8,ZIL,OTA,2019-12-01
2019-08-14,Aug19,2019,3,Wed,33,Aug,1,RAV,United Kingdom,2019-12-01
2019-08-14,Aug19,2019,3,Wed,33,Aug,7,ZIL,France,2019-12-01
2019-08-14,Aug19,2019,3,Wed,33,Aug,14,REC,Germany,2019-12-01
2019-08-15,Aug19,2019,4,Thu,33,Aug,3,CDM,OTA,2019-12-01
2019-08-15,Aug19,2019,4,Thu,33,Aug,5,REC,OTA,2019-12-01
2019-08-15,Aug19,2019,4,Thu,33,Aug,8,EBA,Germany,2019-12-01
2019-08-15,Aug19,2019,4,Thu,33,Aug,4,RAV,United Kingdom,2019-12-01
2019-08-15,Aug19,2019,4,Thu,33,Aug,7,ZIL,France,2019-12-01
2019-08-15,Aug19,2019,4,Thu,33,Aug,6,LAG,Germany,2019-12-01
2019-08-16,Aug19,2019,5,Fri,33,Aug,13,CDM,United Kingdom,2019-12-01
2019-08-16,Aug19,2019,5,Fri,33,Aug,10,RAV,OTA,2019-12-01
2019-08-16,Aug19,2019,5,Fri,33,Aug,23,LAG,United Kingdom,2019-12-01
2019-08-16,Aug19,2019,5,Fri,33,Aug,13,ZIL,Germany,2019-12-01
2019-08-16,Aug19,2019,5,Fri,33,Aug,9,CDM,France,2019-12-01
2019-08-16,Aug19,2019,5,Fri,33,Aug,15,ZIL,United Kingdom,2019-12-01
2019-08-16,Aug19,2019,5,Fri,33,Aug,13,FRI,United Kingdom,2019-12-01
2019-08-16,Aug19,2019,5,Fri,33,Aug,4,PCH,OTA,2019-12-01
2019-08-16,Aug19,2019,5,Fri,33,Aug,7,RAV,United Kingdom,2019-12-01
2019-08-19,Aug19,2019,1,Mon,34,Aug,5,RAV,United Kingdom,2019-12-01
2019-08-19,Aug19,2019,1,Mon,34,Aug,13,REC,United Kingdom,2019-12-01
2019-08-19,Aug19,2019,1,Mon,34,Aug,7,LAG,Germany,2019-12-01
2019-08-19,Aug19,2019,1,Mon,34,Aug,3,PCH,United Kingdom,2019-12-01
2019-08-19,Aug19,2019,1,Mon,34,Aug,10,TRO,United Kingdom,2019-12-01
2019-08-19,Aug19,2019,1,Mon,34,Aug,6,PCH,Germany,2019-12-01
2019-08-19,Aug19,2019,1,Mon,34,Aug,2,TRO,France,2019-12-01
2019-08-19,Aug19,2019,1,Mon,34,Aug,15,ZIL,United Kingdom,2019-12-01
2019-08-20,Aug19,2019,2,Tue,34,Aug,27,LAG,Germany,2019-12-01
2019-08-20,Aug19,2019,2,Tue,34,Aug,4,RAV,OTA,2019-12-01
2019-08-20,Aug19,2019,2,Tue,34,Aug,7,RAV,United Kingdom,2019-12-01
2019-08-20,Aug19,2019,2,Tue,34,Aug,7,REC,OTA,2019-12-01
2019-08-20,Aug19,2019,2,Tue,34,Aug,9,TRO,United Kingdom,2019-12-01
2019-08-20,Aug19,2019,2,Tue,34,Aug,1,REC,OTA,2019-12-01
2019-08-20,Aug19,2019,2,Tue,34,Aug,5,ZIL,France,2019-12-01
2019-08-20,Aug19,2019,2,Tue,34,Aug,4,ZIL,OTA,2019-12-01
2019-08-20,Aug19,2019,2,Tue,34,Aug,14,TRO,France,2019-12-01
2019-08-20,Aug19,2019,2,Tue,34,Aug,7,ZIL,United Kingdom,2019-12-01
2019-08-20,Aug19,2019,2,Tue,34,Aug,2,FRI,France,2019-12-01
2019-08-20,Aug19,2019,2,Tue,34,Aug,4,RAV,Germany,2019-12-01
2019-08-21,Aug19,2019,3,Wed,34,Aug,5,RAV,France,2019-12-01
2019-08-21,Aug19,2019,3,Wed,34,Aug,5,RAV,United Kingdom,2019-12-01
2019-08-21,Aug19,2019,3,Wed,34,Aug,11,ZIL,France,2019-12-01
2019-08-21,Aug19,2019,3,Wed,34,Aug,9,CDM,France,2019-12-01
2019-08-21,Aug19,2019,3,Wed,34,Aug,4,FRI,Germany,2019-12-01
2019-08-22,Aug19,2019,4,Thu,34,Aug,2,CDM,OTA,2019-12-01
2019-08-22,Aug19,2019,4,Thu,34,Aug,7,RAV,OTA,2019-12-01
2019-08-22,Aug19,2019,4,Thu,34,Aug,9,RAV,United Kingdom,2019-12-01
2019-08-22,Aug19,2019,4,Thu,34,Aug,8,EBA,France,2019-12-01
2019-08-22,Aug19,2019,4,Thu,34,Aug,4,LAG,Germany,2019-12-01
2019-08-23,Aug19,2019,5,Fri,34,Aug,3,REC,France,2019-12-01
2019-08-23,Aug19,2019,5,Fri,34,Aug,21,ZIL,United Kingdom,2019-12-01
2019-08-23,Aug19,2019,5,Fri,34,Aug,7,TRO,Germany,2019-12-01
2019-08-23,Aug19,2019,5,Fri,34,Aug,10,ZIL,France,2019-12-01
2019-08-23,Aug19,2019,5,Fri,34,Aug,17,RAV,OTA,2019-12-01
2019-08-26,Aug19,2019,1,Mon,35,Aug,3,CDM,OTA,2019-12-01
2019-08-26,Aug19,2019,1,Mon,35,Aug,8,RAV,Germany,2019-12-01
2019-08-26,Aug19,2019,1,Mon,35,Aug,24,REC,Germany,2019-12-01
2019-08-26,Aug19,2019,1,Mon,35,Aug,6,TRO,France,2019-12-01
2019-08-26,Aug19,2019,1,Mon,35,Aug,4,TRO,OTA,2019-12-01
2019-08-26,Aug19,2019,1,Mon,35,Aug,8,PCH,France,2019-12-01
2019-08-26,Aug19,2019,1,Mon,35,Aug,5,RAV,France,2019-12-01
2019-08-26,Aug19,2019,1,Mon,35,Aug,6,TRO,United Kingdom,2019-12-01
2019-08-26,Aug19,2019,1,Mon,35,Aug,6,CDM,France,2019-12-01
2019-08-26,Aug19,2019,1,Mon,35,Aug,8,PCH,United Kingdom,2019-12-01
2019-08-27,Aug19,2019,2,Tue,35,Aug,7,LAG,United Kingdom,2019-12-01
2019-08-27,Aug19,2019,2,Tue,35,Aug,14,TRO,Germany,2019-12-01
2019-08-27,Aug19,2019,2,Tue,35,Aug,5,PCH,Germany,2019-12-01
2019-08-27,Aug19,2019,2,Tue,35,Aug,5,EBA,France,2019-12-01
2019-08-27,Aug19,2019,2,Tue,35,Aug,1,RAV,Germany,2019-12-01
2019-08-27,Aug19,2019,2,Tue,35,Aug,8,RAV,United Kingdom,2019-12-01
2019-08-27,Aug19,2019,2,Tue,35,Aug,19,ZIL,Germany,2019-12-01
2019-08-27,Aug19,2019,2,Tue,35,Aug,4,PCH,OTA,2019-12-01
2019-08-27,Aug19,2019,2,Tue,35,Aug,6,PCH,United Kingdom,2019-12-01
2019-08-27,Aug19,2019,2,Tue,35,Aug,7,RAV,France,2019-12-01
2019-08-27,Aug19,2019,2,Tue,35,Aug,12,TRO,United Kingdom,2019-12-01
2019-08-28,Aug19,2019,3,Wed,35,Aug,9,CDM,United Kingdom,2019-12-01
2019-08-28,Aug19,2019,3,Wed,35,Aug,5,LAG,France,2019-12-01
2019-08-28,Aug19,2019,3,Wed,35,Aug,4,PCH,Germany,2019-12-01
2019-08-28,Aug19,2019,3,Wed,35,Aug,11,ZIL,United Kingdom,2019-12-01
2019-08-28,Aug19,2019,3,Wed,35,Aug,7,RAV,France,2019-12-01
2019-08-28,Aug19,2019,3,Wed,35,Aug,50,RAV,United Kingdom,2019-12-01
2019-08-29,Aug19,2019,4,Thu,35,Aug,1,TRO,France,2019-12-01
2019-08-29,Aug19,2019,4,Thu,35,Aug,1,EBA,United Kingdom,2019-12-01
2019-08-30,Aug19,2019,5,Fri,35,Aug,4,PCH,OTA,2019-12-01
2019-08-30,Aug19,2019,5,Fri,35,Aug,4,ZIL,OTA,2019-12-01
2019-08-30,Aug19,2019,5,Fri,35,Aug,1,RAV,United Kingdom,2019-12-01
2019-08-30,Aug19,2019,5,Fri,35,Aug,4,ZIL,Germany,2019-12-01
2019-08-30,Aug19,2019,5,Fri,35,Aug,11,RAV,France,2019-12-01
2019-08-30,Aug19,2019,5,Fri,35,Aug,14,ZIL,United Kingdom,2019-12-01
2019-09-02,Sep19,2019,1,Mon,36,Sep,16,PCH,United Kingdom,2019-12-01
2019-09-02,Sep19,2019,1,Mon,36,Sep,18,RAV,OTA,2019-12-01
2019-09-02,Sep19,2019,1,Mon,36,Sep,3,REC,France,2019-12-01
2019-09-02,Sep19,2019,1,Mon,36,Sep,10,CDM,France,2019-12-01
2019-09-02,Sep19,2019,1,Mon,36,Sep,7,ZIL,United Kingdom,2019-12-01
2019-09-02,Sep19,2019,1,Mon,36,Sep,7,FRI,United Kingdom,2019-12-01
2019-09-02,Sep19,2019,1,Mon,36,Sep,14,LAG,OTA,2019-12-01
2019-09-02,Sep19,2019,1,Mon,36,Sep,6,RAV,Germany,2019-12-01
2019-09-02,Sep19,2019,1,Mon,36,Sep,20,RAV,United Kingdom,2019-12-01
2019-09-02,Sep19,2019,1,Mon,36,Sep,15,TRO,France,2019-12-01
2019-09-03,Sep19,2019,2,Tue,36,Sep,8,ZIL,Germany,2019-12-01
2019-09-03,Sep19,2019,2,Tue,36,Sep,3,PCH,United Kingdom,2019-12-01
2019-09-04,Sep19,2019,3,Wed,36,Sep,14,EBA,Germany,2019-12-01
2019-09-04,Sep19,2019,3,Wed,36,Sep,14,TRO,Germany,2019-12-01
2019-09-04,Sep19,2019,3,Wed,36,Sep,10,REC,France,2019-12-01
2019-09-04,Sep19,2019,3,Wed,36,Sep,3,ZIL,OTA,2019-12-01
2019-09-04,Sep19,2019,3,Wed,36,Sep,13,RAV,Germany,2019-12-01
2019-09-04,Sep19,2019,3,Wed,36,Sep,16,RAV,United Kingdom,2019-12-01
2019-09-04,Sep19,2019,3,Wed,36,Sep,4,TRO,OTA,2019-12-01
2019-09-04,Sep19,2019,3,Wed,36,Sep,6,FRI,France,2019-12-01
2019-09-04,Sep19,2019,3,Wed,36,Sep,12,LAG,OTA,2019-12-01
2019-09-04,Sep19,2019,3,Wed,36,Sep,4,RAV,France,2019-12-01
2019-09-04,Sep19,2019,3,Wed,36,Sep,7,TRO,United Kingdom,2019-12-01
2019-09-05,Sep19,2019,4,Thu,36,Sep,8,REC,France,2019-12-01
2019-09-05,Sep19,2019,4,Thu,36,Sep,7,ZIL,United Kingdom,2019-12-01
2019-09-05,Sep19,2019,4,Thu,36,Sep,3,EBA,OTA,2019-12-01
2019-09-05,Sep19,2019,4,Thu,36,Sep,18,RAV,United Kingdom,2019-12-01
2019-09-05,Sep19,2019,4,Thu,36,Sep,11,PCH,United Kingdom,2019-12-01
2019-09-05,Sep19,2019,4,Thu,36,Sep,14,RAV,France,2019-12-01
2019-09-05,Sep19,2019,4,Thu,36,Sep,4,ZIL,France,2019-12-01
2019-09-06,Sep19,2019,5,Fri,36,Sep,3,CDM,France,2019-12-01
2019-09-06,Sep19,2019,5,Fri,36,Sep,3,CDM,OTA,2019-12-01
2019-09-06,Sep19,2019,5,Fri,36,Sep,4,PCH,France,2019-12-01
2019-09-06,Sep19,2019,5,Fri,36,Sep,8,CDM,United Kingdom,2019-12-01
2019-09-06,Sep19,2019,5,Fri,36,Sep,21,LAG,France,2019-12-01
2019-09-06,Sep19,2019,5,Fri,36,Sep,3,PCH,OTA,2019-12-01
2019-09-06,Sep19,2019,5,Fri,36,Sep,3,RAV,Germany,2019-12-01
2019-09-06,Sep19,2019,5,Fri,36,Sep,21,ZIL,United Kingdom,2019-12-01
2019-09-06,Sep19,2019,5,Fri,36,Sep,6,FRI,United Kingdom,2019-12-01
2019-09-06,Sep19,2019,5,Fri,36,Sep,18,LAG,Germany,2019-12-01
2019-09-06,Sep19,2019,5,Fri,36,Sep,14,RAV,France,2019-12-01
2019-09-06,Sep19,2019,5,Fri,36,Sep,23,RAV,United Kingdom,2019-12-01
2019-09-06,Sep19,2019,5,Fri,36,Sep,2,TRO,United Kingdom,2019-12-01
2019-09-09,Sep19,2019,1,Mon,37,Sep,2,FRI,OTA,2019-12-01
2019-09-09,Sep19,2019,1,Mon,37,Sep,7,ZIL,United Kingdom,2019-12-01
2019-09-09,Sep19,2019,1,Mon,37,Sep,7,CDM,France,2019-12-01
2019-09-09,Sep19,2019,1,Mon,37,Sep,8,RAV,United Kingdom,2019-12-01
2019-09-10,Sep19,2019,2,Tue,37,Sep,9,CDM,Germany,2019-12-01
2019-09-10,Sep19,2019,2,Tue,37,Sep,22,REC,United Kingdom,2019-12-01
2019-09-10,Sep19,2019,2,Tue,37,Sep,7,EBA,France,2019-12-01
2019-09-10,Sep19,2019,2,Tue,37,Sep,10,RAV,United Kingdom,2019-12-01
2019-09-10,Sep19,2019,2,Tue,37,Sep,6,RAV,France,2019-12-01
2019-09-10,Sep19,2019,2,Tue,37,Sep,5,REC,France,2019-12-01
2019-09-10,Sep19,2019,2,Tue,37,Sep,10,ZIL,United Kingdom,2019-12-01
2019-09-10,Sep19,2019,2,Tue,37,Sep,20,CDM,France,2019-12-01
2019-09-10,Sep19,2019,2,Tue,37,Sep,12,TRO,Germany,2019-12-01
2019-09-11,Sep19,2019,3,Wed,37,Sep,18,RAV,France,2019-12-01
2019-09-11,Sep19,2019,3,Wed,37,Sep,13,LAG,France,2019-12-01
2019-09-11,Sep19,2019,3,Wed,37,Sep,7,LAG,OTA,2019-12-01
2019-09-11,Sep19,2019,3,Wed,37,Sep,1,RAV,United Kingdom,2019-12-01
2019-09-11,Sep19,2019,3,Wed,37,Sep,11,ZIL,Germany,2019-12-01
2019-09-12,Sep19,2019,4,Thu,37,Sep,2,EBA,OTA,2019-12-01
2019-09-12,Sep19,2019,4,Thu,37,Sep,10,RAV,United Kingdom,2019-12-01
2019-09-12,Sep19,2019,4,Thu,37,Sep,2,FRI,OTA,2019-12-01
2019-09-12,Sep19,2019,4,Thu,37,Sep,20,RAV,France,2019-12-01
2019-09-12,Sep19,2019,4,Thu,37,Sep,7,CDM,OTA,2019-12-01
2019-09-12,Sep19,2019,4,Thu,37,Sep,1,LAG,France,2019-12-01
2019-09-12,Sep19,2019,4,Thu,37,Sep,14,ZIL,OTA,2019-12-01
2019-09-13,Sep19,2019,5,Fri,37,Sep,16,RAV,France,2019-12-01
2019-09-13,Sep19,2019,5,Fri,37,Sep,1,RAV,OTA,2019-12-01
2019-09-13,Sep19,2019,5,Fri,37,Sep,7,ZIL,United Kingdom,2019-12-01
2019-09-13,Sep19,2019,5,Fri,37,Sep,10,EBA,France,2019-12-01
2019-09-13,Sep19,2019,5,Fri,37,Sep,8,RAV,United Kingdom,2019-12-01
2019-09-16,Sep19,2019,1,Mon,38,Sep,3,EBA,OTA,2019-12-01
2019-09-16,Sep19,2019,1,Mon,38,Sep,12,LAG,Germany,2019-12-01
2019-09-16,Sep19,2019,1,Mon,38,Sep,5,RAV,France,2019-12-01
2019-09-16,Sep19,2019,1,Mon,38,Sep,7,ZIL,United Kingdom,2019-12-01
2019-09-16,Sep19,2019,1,Mon,38,Sep,37,RAV,United Kingdom,2019-12-01
2019-09-16,Sep19,2019,1,Mon,38,Sep,26,EBA,France,2019-12-01
2019-09-16,Sep19,2019,1,Mon,38,Sep,18,LAG,France,2019-12-01
2019-09-16,Sep19,2019,1,Mon,38,Sep,10,PCH,OTA,2019-12-01
2019-09-16,Sep19,2019,1,Mon,38,Sep,6,RAV,Germany,2019-12-01
2019-09-16,Sep19,2019,1,Mon,38,Sep,10,REC,United Kingdom,2019-12-01
2019-09-16,Sep19,2019,1,Mon,38,Sep,17,ZIL,Germany,2019-12-01
2019-09-17,Sep19,2019,2,Tue,38,Sep,1,CDM,France,2019-12-01
2019-09-17,Sep19,2019,2,Tue,38,Sep,9,RAV,United Kingdom,2019-12-01
2019-09-17,Sep19,2019,2,Tue,38,Sep,3,CDM,OTA,2019-12-01
2019-09-17,Sep19,2019,2,Tue,38,Sep,6,RAV,Germany,2019-12-01
2019-09-17,Sep19,2019,2,Tue,38,Sep,20,ZIL,Germany,2019-12-01
2019-09-17,Sep19,2019,2,Tue,38,Sep,11,LAG,Germany,2019-12-01
2019-09-17,Sep19,2019,2,Tue,38,Sep,18,RAV,France,2019-12-01
2019-09-17,Sep19,2019,2,Tue,38,Sep,4,REC,France,2019-12-01
2019-09-18,Sep19,2019,3,Wed,38,Sep,6,CDM,United Kingdom,2019-12-01
2019-09-18,Sep19,2019,3,Wed,38,Sep,6,LAG,Germany,2019-12-01
2019-09-18,Sep19,2019,3,Wed,38,Sep,6,REC,OTA,2019-12-01
2019-09-18,Sep19,2019,3,Wed,38,Sep,14,CDM,France,2019-12-01
2019-09-18,Sep19,2019,3,Wed,38,Sep,13,FRI,United Kingdom,2019-12-01
2019-09-18,Sep19,2019,3,Wed,38,Sep,3,RAV,OTA,2019-12-01
2019-09-18,Sep19,2019,3,Wed,38,Sep,5,RAV,OTA,2019-12-01
2019-09-19,Sep19,2019,4,Thu,38,Sep,8,CDM,France,2019-12-01
2019-09-19,Sep19,2019,4,Thu,38,Sep,13,TRO,Germany,2019-12-01
2019-09-19,Sep19,2019,4,Thu,38,Sep,28,ZIL,United Kingdom,2019-12-01
2019-09-19,Sep19,2019,4,Thu,38,Sep,19,RAV,United Kingdom,2019-12-01
2019-09-19,Sep19,2019,4,Thu,38,Sep,6,TRO,France,2019-12-01
2019-09-19,Sep19,2019,4,Thu,38,Sep,3,PCH,France,2019-12-01
2019-09-20,Sep19,2019,5,Fri,38,Sep,7,ZIL,United Kingdom,2019-12-01
2019-09-20,Sep19,2019,5,Fri,38,Sep,6,CDM,France,2019-12-01
2019-09-20,Sep19,2019,5,Fri,38,Sep,14,PCH,United Kingdom,2019-12-01
2019-09-20,Sep19,2019,5,Fri,38,Sep,3,RAV,OTA,2019-12-01
2019-09-20,Sep19,2019,5,Fri,38,Sep,10,ZIL,France,2019-12-01
2019-09-20,Sep19,2019,5,Fri,38,Sep,10,EBA,France,2019-12-01
2019-09-20,Sep19,2019,5,Fri,38,Sep,33,RAV,United Kingdom,2019-12-01
2019-09-20,Sep19,2019,5,Fri,38,Sep,6,RAV,France,2019-12-01
2019-09-23,Sep19,2019,1,Mon,39,Sep,10,LAG,France,2019-12-01
2019-09-23,Sep19,2019,1,Mon,39,Sep,8,FRI,France,2019-12-01
2019-09-23,Sep19,2019,1,Mon,39,Sep,17,RAV,France,2019-12-01
2019-09-23,Sep19,2019,1,Mon,39,Sep,16,ZIL,United Kingdom,2019-12-01
2019-09-23,Sep19,2019,1,Mon,39,Sep,7,CDM,OTA,2019-12-01
2019-09-23,Sep19,2019,1,Mon,39,Sep,3,PCH,France,2019-12-01
2019-09-23,Sep19,2019,1,Mon,39,Sep,14,RAV,United Kingdom,2019-12-01
2019-09-24,Sep19,2019,2,Tue,39,Sep,4,RAV,OTA,2019-12-01
2019-09-24,Sep19,2019,2,Tue,39,Sep,6,REC,France,2019-12-01
2019-09-24,Sep19,2019,2,Tue,39,Sep,22,ZIL,Germany,2019-12-01
2019-09-24,Sep19,2019,2,Tue,39,Sep,4,FRI,OTA,2019-12-01
2019-09-24,Sep19,2019,2,Tue,39,Sep,17,PCH,United Kingdom,2019-12-01
2019-09-24,Sep19,2019,2,Tue,39,Sep,22,RAV,United Kingdom,2019-12-01
2019-09-25,Sep19,2019,3,Wed,39,Sep,14,EBA,France,2019-12-01
2019-09-25,Sep19,2019,3,Wed,39,Sep,7,FRI,France,2019-12-01
2019-09-25,Sep19,2019,3,Wed,39,Sep,10,PCH,United Kingdom,2019-12-01
2019-09-25,Sep19,2019,3,Wed,39,Sep,11,ZIL,United Kingdom,2019-12-01
2019-09-25,Sep19,2019,3,Wed,39,Sep,19,RAV,United Kingdom,2019-12-01
2019-09-25,Sep19,2019,3,Wed,39,Sep,18,ZIL,France,2019-12-01
2019-09-26,Sep19,2019,4,Thu,39,Sep,5,RAV,Germany,2019-12-01
2019-09-26,Sep19,2019,4,Thu,39,Sep,9,PCH,United Kingdom,2019-12-01
2019-09-26,Sep19,2019,4,Thu,39,Sep,1,RAV,OTA,2019-12-01
2019-09-26,Sep19,2019,4,Thu,39,Sep,3,RAV,United Kingdom,2019-12-01
2019-09-26,Sep19,2019,4,Thu,39,Sep,12,ZIL,France,2019-12-01
2019-09-27,Sep19,2019,5,Fri,39,Sep,7,PCH,France,2019-12-01
2019-09-27,Sep19,2019,5,Fri,39,Sep,1,TRO,OTA,2019-12-01
2019-09-27,Sep19,2019,5,Fri,39,Sep,11,ZIL,Germany,2019-12-01
2019-09-27,Sep19,2019,5,Fri,39,Sep,13,CDM,United Kingdom,2019-12-01
2019-09-27,Sep19,2019,5,Fri,39,Sep,10,PCH,Germany,2019-12-01
2019-09-27,Sep19,2019,5,Fri,39,Sep,5,PCH,United Kingdom,2019-12-01
2019-09-27,Sep19,2019,5,Fri,39,Sep,2,RAV,France,2019-12-01
2019-09-27,Sep19,2019,5,Fri,39,Sep,16,CDM,France,2019-12-01
2019-09-27,Sep19,2019,5,Fri,39,Sep,1,CDM,OTA,2019-12-01
2019-09-27,Sep19,2019,5,Fri,39,Sep,6,TRO,OTA,2019-12-01
2019-09-27,Sep19,2019,5,Fri,39,Sep,4,ZIL,OTA,2019-12-01
2019-09-27,Sep19,2019,5,Fri,39,Sep,7,LAG,France,2019-12-01
2019-09-27,Sep19,2019,5,Fri,39,Sep,2,PCH,OTA,2019-12-01
2019-09-27,Sep19,2019,5,Fri,39,Sep,1,RAV,United Kingdom,2019-12-01
2019-09-27,Sep19,2019,5,Fri,39,Sep,9,TRO,United Kingdom,2019-12-01
2019-09-30,Sep19,2019,1,Mon,40,Sep,5,EBA,OTA,2019-12-01
2019-09-30,Sep19,2019,1,Mon,40,Sep,1,RAV,OTA,2019-12-01
2019-09-30,Sep19,2019,1,Mon,40,Sep,29,RAV,United Kingdom,2019-12-01
2019-09-30,Sep19,2019,1,Mon,40,Sep,13,REC,United Kingdom,2019-12-01
2019-09-30,Sep19,2019,1,Mon,40,Sep,7,LAG,Germany,2019-12-01
2019-09-30,Sep19,2019,1,Mon,40,Sep,6,PCH,OTA,2019-12-01
2019-09-30,Sep19,2019,1,Mon,40,Sep,7,PCH,United Kingdom,2019-12-01
2019-09-30,Sep19,2019,1,Mon,40,Sep,14,RAV,France,2019-12-01
2019-09-30,Sep19,2019,1,Mon,40,Sep,7,REC,OTA,2019-12-01
2019-09-30,Sep19,2019,1,Mon,40,Sep,4,ZIL,OTA,2019-12-01
2019-09-30,Sep19,2019,1,Mon,40,Sep,4,TRO,France,2019-12-01
2019-10-01,Oct19,2019,2,Tue,40,Oct,12,PCH,United Kingdom,2019-12-01
2019-10-01,Oct19,2019,2,Tue,40,Oct,7,RAV,France,2019-12-01
2019-10-01,Oct19,2019,2,Tue,40,Oct,4,RAV,OTA,2019-12-01
2019-10-01,Oct19,2019,2,Tue,40,Oct,30,RAV,United Kingdom,2019-12-01
2019-10-01,Oct19,2019,2,Tue,40,Oct,8,CDM,France,2019-12-01
2019-10-01,Oct19,2019,2,Tue,40,Oct,14,CDM,United Kingdom,2019-12-01
2019-10-01,Oct19,2019,2,Tue,40,Oct,1,EBA,OTA,2019-12-01
2019-10-01,Oct19,2019,2,Tue,40,Oct,5,ZIL,Germany,2019-12-01
2019-10-02,Oct19,2019,3,Wed,40,Oct,6,RAV,France,2019-12-01
2019-10-02,Oct19,2019,3,Wed,40,Oct,5,ZIL,OTA,2019-12-01
2019-10-02,Oct19,2019,3,Wed,40,Oct,7,PCH,United Kingdom,2019-12-01
2019-10-02,Oct19,2019,3,Wed,40,Oct,14,RAV,OTA,2019-12-01
2019-10-02,Oct19,2019,3,Wed,40,Oct,1,RAV,United Kingdom,2019-12-01
2019-10-02,Oct19,2019,3,Wed,40,Oct,6,ZIL,France,2019-12-01
2019-10-02,Oct19,2019,3,Wed,40,Oct,14,LAG,France,2019-12-01
2019-10-02,Oct19,2019,3,Wed,40,Oct,14,LAG,United Kingdom,2019-12-01
2019-10-02,Oct19,2019,3,Wed,40,Oct,4,RAV,Germany,2019-12-01
2019-10-02,Oct19,2019,3,Wed,40,Oct,8,REC,France,2019-12-01
2019-10-02,Oct19,2019,3,Wed,40,Oct,4,REC,United Kingdom,2019-12-01
2019-10-03,Oct19,2019,4,Thu,40,Oct,42,CDM,France,2019-12-01
2019-10-03,Oct19,2019,4,Thu,40,Oct,31,RAV,United Kingdom,2019-12-01
2019-10-03,Oct19,2019,4,Thu,40,Oct,1,TRO,Germany,2019-12-01
2019-10-03,Oct19,2019,4,Thu,40,Oct,7,TRO,United Kingdom,2019-12-01
2019-10-03,Oct19,2019,4,Thu,40,Oct,5,EBA,OTA,2019-12-01
2019-10-03,Oct19,2019,4,Thu,40,Oct,5,REC,OTA,2019-12-01
2019-10-03,Oct19,2019,4,Thu,40,Oct,8,TRO,France,2019-12-01
2019-10-03,Oct19,2019,4,Thu,40,Oct,12,RAV,France,2019-12-01
2019-10-03,Oct19,2019,4,Thu,40,Oct,8,REC,France,2019-12-01
2019-10-04,Oct19,2019,5,Fri,40,Oct,7,RAV,France,2019-12-01
2019-10-04,Oct19,2019,5,Fri,40,Oct,7,ZIL,United Kingdom,2019-12-01
2019-10-04,Oct19,2019,5,Fri,40,Oct,8,RAV,United Kingdom,2019-12-01
2019-10-04,Oct19,2019,5,Fri,40,Oct,3,FRI,France,2019-12-01
2019-10-04,Oct19,2019,5,Fri,40,Oct,5,PCH,France,2019-12-01
2019-10-04,Oct19,2019,5,Fri,40,Oct,1,RAV,Germany,2019-12-01
2019-10-07,Oct19,2019,1,Mon,41,Oct,9,CDM,United Kingdom,2019-12-01
2019-10-07,Oct19,2019,1,Mon,41,Oct,6,FRI,OTA,2019-12-01
2019-10-07,Oct19,2019,1,Mon,41,Oct,4,FRI,OTA,2019-12-01
2019-10-07,Oct19,2019,1,Mon,41,Oct,12,LAG,France,2019-12-01
2019-10-07,Oct19,2019,1,Mon,41,Oct,2,REC,France,2019-12-01
2019-10-07,Oct19,2019,1,Mon,41,Oct,9,ZIL,United Kingdom,2019-12-01
2019-10-07,Oct19,2019,1,Mon,41,Oct,28,RAV,United Kingdom,2019-12-01
2019-10-07,Oct19,2019,1,Mon,41,Oct,7,ZIL,Germany,2019-12-01
2019-10-07,Oct19,2019,1,Mon,41,Oct,6,LAG,OTA,2019-12-01
2019-10-07,Oct19,2019,1,Mon,41,Oct,16,PCH,France,2019-12-01
2019-10-07,Oct19,2019,1,Mon,41,Oct,6,PCH,OTA,2019-12-01
2019-10-07,Oct19,2019,1,Mon,41,Oct,5,REC,Germany,2019-12-01
2019-10-07,Oct19,2019,1,Mon,41,Oct,5,CDM,France,2019-12-01
2019-10-07,Oct19,2019,1,Mon,41,Oct,32,ZIL,France,2019-12-01
2019-10-08,Oct19,2019,2,Tue,41,Oct,11,TRO,Germany,2019-12-01
2019-10-08,Oct19,2019,2,Tue,41,Oct,3,ZIL,France,2019-12-01
2019-10-08,Oct19,2019,2,Tue,41,Oct,11,PCH,Germany,2019-12-01
2019-10-08,Oct19,2019,2,Tue,41,Oct,5,RAV,Germany,2019-12-01
2019-10-08,Oct19,2019,2,Tue,41,Oct,26,RAV,United Kingdom,2019-12-01
2019-10-09,Oct19,2019,3,Wed,41,Oct,3,CDM,Germany,2019-12-01
2019-10-09,Oct19,2019,3,Wed,41,Oct,5,TRO,OTA,2019-12-01
2019-10-09,Oct19,2019,3,Wed,41,Oct,10,ZIL,Germany,2019-12-01
2019-10-09,Oct19,2019,3,Wed,41,Oct,5,CDM,OTA,2019-12-01
2019-10-09,Oct19,2019,3,Wed,41,Oct,4,EBA,France,2019-12-01
2019-10-09,Oct19,2019,3,Wed,41,Oct,7,REC,France,2019-12-01
2019-10-09,Oct19,2019,3,Wed,41,Oct,35,ZIL,United Kingdom,2019-12-01
2019-10-09,Oct19,2019,3,Wed,41,Oct,16,LAG,Germany,2019-12-01
2019-10-09,Oct19,2019,3,Wed,41,Oct,6,RAV,France,2019-12-01
2019-10-09,Oct19,2019,3,Wed,41,Oct,34,RAV,United Kingdom,2019-12-01
2019-10-09,Oct19,2019,3,Wed,41,Oct,21,CDM,France,2019-12-01
2019-10-10,Oct19,2019,4,Thu,41,Oct,8,FRI,Germany,2019-12-01
2019-10-10,Oct19,2019,4,Thu,41,Oct,29,TRO,Germany,2019-12-01
2019-10-10,Oct19,2019,4,Thu,41,Oct,18,ZIL,Germany,2019-12-01
2019-10-10,Oct19,2019,4,Thu,41,Oct,7,RAV,France,2019-12-01
2019-10-11,Oct19,2019,5,Fri,41,Oct,13,CDM,United Kingdom,2019-12-01
2019-10-11,Oct19,2019,5,Fri,41,Oct,3,FRI,OTA,2019-12-01
2019-10-11,Oct19,2019,5,Fri,41,Oct,31,LAG,France,2019-12-01
2019-10-11,Oct19,2019,5,Fri,41,Oct,15,REC,France,2019-12-01
2019-10-11,Oct19,2019,5,Fri,41,Oct,6,REC,OTA,2019-12-01
2019-10-11,Oct19,2019,5,Fri,41,Oct,5,ZIL,Germany,2019-12-01
2019-10-11,Oct19,2019,5,Fri,41,Oct,5,CDM,France,2019-12-01
2019-10-11,Oct19,2019,5,Fri,41,Oct,7,RAV,United Kingdom,2019-12-01
2019-10-11,Oct19,2019,5,Fri,41,Oct,10,FRI,Germany,2019-12-01
2019-10-11,Oct19,2019,5,Fri,41,Oct,9,REC,Germany,2019-12-01
2019-10-14,Oct19,2019,1,Mon,42,Oct,15,EBA,France,2019-12-01
2019-10-14,Oct19,2019,1,Mon,42,Oct,35,RAV,United Kingdom,2019-12-01
2019-10-14,Oct19,2019,1,Mon,42,Oct,13,TRO,United Kingdom,2019-12-01
2019-10-14,Oct19,2019,1,Mon,42,Oct,8,CDM,Germany,2019-12-01
2019-10-14,Oct19,2019,1,Mon,42,Oct,39,RAV,France,2019-12-01
2019-10-14,Oct19,2019,1,Mon,42,Oct,35,ZIL,Germany,2019-12-01
2019-10-14,Oct19,2019,1,Mon,42,Oct,2,CDM,France,2019-12-01
2019-10-14,Oct19,2019,1,Mon,42,Oct,18,ZIL,France,2019-12-01
2019-10-14,Oct19,2019,1,Mon,42,Oct,9,ZIL,United Kingdom,2019-12-01
2019-10-14,Oct19,2019,1,Mon,42,Oct,3,CDM,United Kingdom,2019-12-01
2019-10-14,Oct19,2019,1,Mon,42,Oct,30,LAG,Germany,2019-12-01
2019-10-14,Oct19,2019,1,Mon,42,Oct,8,REC,France,2019-12-01
2019-10-15,Oct19,2019,2,Tue,42,Oct,5,REC,OTA,2019-12-01
2019-10-15,Oct19,2019,2,Tue,42,Oct,13,EBA,United Kingdom,2019-12-01
2019-10-15,Oct19,2019,2,Tue,42,Oct,5,FRI,France,2019-12-01
2019-10-15,Oct19,2019,2,Tue,42,Oct,7,RAV,France,2019-12-01
2019-10-15,Oct19,2019,2,Tue,42,Oct,3,TRO,Germany,2019-12-01
2019-10-15,Oct19,2019,2,Tue,42,Oct,4,EBA,France,2019-12-01
2019-10-15,Oct19,2019,2,Tue,42,Oct,16,FRI,United Kingdom,2019-12-01
2019-10-15,Oct19,2019,2,Tue,42,Oct,24,RAV,Germany,2019-12-01
2019-10-15,Oct19,2019,2,Tue,42,Oct,7,RAV,OTA,2019-12-01
2019-10-15,Oct19,2019,2,Tue,42,Oct,4,RAV,United Kingdom,2019-12-01
2019-10-15,Oct19,2019,2,Tue,42,Oct,5,REC,Germany,2019-12-01
2019-10-15,Oct19,2019,2,Tue,42,Oct,36,ZIL,Germany,2019-12-01
2019-10-16,Oct19,2019,3,Wed,42,Oct,35,RAV,United Kingdom,2019-12-01
2019-10-16,Oct19,2019,3,Wed,42,Oct,7,EBA,United Kingdom,2019-12-01
2019-10-16,Oct19,2019,3,Wed,42,Oct,10,RAV,France,2019-12-01
2019-10-16,Oct19,2019,3,Wed,42,Oct,6,CDM,OTA,2019-12-01
2019-10-16,Oct19,2019,3,Wed,42,Oct,13,LAG,France,2019-12-01
2019-10-16,Oct19,2019,3,Wed,42,Oct,3,EBA,Germany,2019-12-01
2019-10-16,Oct19,2019,3,Wed,42,Oct,61,LAG,United Kingdom,2019-12-01
2019-10-17,Oct19,2019,4,Thu,42,Oct,1,FRI,Germany,2019-12-01
2019-10-17,Oct19,2019,4,Thu,42,Oct,7,ZIL,OTA,2019-12-01
2019-10-17,Oct19,2019,4,Thu,42,Oct,2,EBA,Germany,2019-12-01
2019-10-17,Oct19,2019,4,Thu,42,Oct,22,RAV,France,2019-12-01
2019-10-17,Oct19,2019,4,Thu,42,Oct,2,ZIL,United Kingdom,2019-12-01
2019-10-17,Oct19,2019,4,Thu,42,Oct,13,RAV,United Kingdom,2019-12-01
2019-10-17,Oct19,2019,4,Thu,42,Oct,21,ZIL,Germany,2019-12-01
2019-10-18,Oct19,2019,5,Fri,42,Oct,15,LAG,Germany,2019-12-01
2019-10-18,Oct19,2019,5,Fri,42,Oct,39,RAV,United Kingdom,2019-12-01
2019-10-18,Oct19,2019,5,Fri,42,Oct,6,EBA,France,2019-12-01
2019-10-18,Oct19,2019,5,Fri,42,Oct,8,LAG,France,2019-12-01
2019-10-18,Oct19,2019,5,Fri,42,Oct,8,RAV,Germany,2019-12-01
2019-10-18,Oct19,2019,5,Fri,42,Oct,6,CDM,France,2019-12-01
2019-10-18,Oct19,2019,5,Fri,42,Oct,4,CDM,OTA,2019-12-01
2019-10-18,Oct19,2019,5,Fri,42,Oct,3,ZIL,France,2019-12-01
2019-10-21,Oct19,2019,1,Mon,43,Oct,5,LAG,OTA,2019-12-01
2019-10-21,Oct19,2019,1,Mon,43,Oct,5,TRO,France,2019-12-01
2019-10-21,Oct19,2019,1,Mon,43,Oct,36,RAV,United Kingdom,2019-12-01
2019-10-21,Oct19,2019,1,Mon,43,Oct,9,EBA,United Kingdom,2019-12-01
2019-10-21,Oct19,2019,1,Mon,43,Oct,10,RAV,Germany,2019-12-01
2019-10-21,Oct19,2019,1,Mon,43,Oct,3,RAV,OTA,2019-12-01
2019-10-21,Oct19,2019,1,Mon,43,Oct,4,CDM,United Kingdom,2019-12-01
2019-10-21,Oct19,2019,1,Mon,43,Oct,56,LAG,Germany,2019-12-01
2019-10-21,Oct19,2019,1,Mon,43,Oct,14,REC,France,2019-12-01
2019-10-21,Oct19,2019,1,Mon,43,Oct,13,ZIL,United Kingdom,2019-12-01
2019-10-22,Oct19,2019,2,Tue,43,Oct,19,LAG,Germany,2019-12-01
2019-10-22,Oct19,2019,2,Tue,43,Oct,3,RAV,France,2019-12-01
2019-10-22,Oct19,2019,2,Tue,43,Oct,2,RAV,OTA,2019-12-01
2019-10-22,Oct19,2019,2,Tue,43,Oct,7,REC,United Kingdom,2019-12-01
2019-10-22,Oct19,2019,2,Tue,43,Oct,6,ZIL,Germany,2019-12-01
2019-10-22,Oct19,2019,2,Tue,43,Oct,13,EBA,France,2019-12-01
2019-10-22,Oct19,2019,2,Tue,43,Oct,33,LAG,France,2019-12-01
2019-10-22,Oct19,2019,2,Tue,43,Oct,1,LAG,OTA,2019-12-01
2019-10-22,Oct19,2019,2,Tue,43,Oct,4,PCH,OTA,2019-12-01
2019-10-22,Oct19,2019,2,Tue,43,Oct,6,TRO,France,2019-12-01
2019-10-23,Oct19,2019,3,Wed,43,Oct,21,EBA,France,2019-12-01
2019-10-23,Oct19,2019,3,Wed,43,Oct,11,FRI,United Kingdom,2019-12-01
2019-10-23,Oct19,2019,3,Wed,43,Oct,14,RAV,United Kingdom,2019-12-01
2019-10-23,Oct19,2019,3,Wed,43,Oct,8,REC,United Kingdom,2019-12-01
2019-10-23,Oct19,2019,3,Wed,43,Oct,4,FRI,OTA,2019-12-01
2019-10-23,Oct19,2019,3,Wed,43,Oct,43,RAV,France,2019-12-01
2019-10-24,Oct19,2019,4,Thu,43,Oct,10,LAG,France,2019-12-01
2019-10-24,Oct19,2019,4,Thu,43,Oct,9,EBA,Germany,2019-12-01
2019-10-24,Oct19,2019,4,Thu,43,Oct,8,ZIL,France,2019-12-01
2019-10-24,Oct19,2019,4,Thu,43,Oct,3,LAG,OTA,2019-12-01
2019-10-24,Oct19,2019,4,Thu,43,Oct,20,RAV,Germany,2019-12-01
2019-10-24,Oct19,2019,4,Thu,43,Oct,6,ZIL,Germany,2019-12-01
2019-10-24,Oct19,2019,4,Thu,43,Oct,2,PCH,France,2019-12-01
2019-10-24,Oct19,2019,4,Thu,43,Oct,3,RAV,France,2019-12-01
2019-10-25,Oct19,2019,5,Fri,43,Oct,8,LAG,France,2019-12-01
2019-10-25,Oct19,2019,5,Fri,43,Oct,14,RAV,Germany,2019-12-01
2019-10-25,Oct19,2019,5,Fri,43,Oct,37,RAV,United Kingdom,2019-12-01
2019-10-25,Oct19,2019,5,Fri,43,Oct,11,ZIL,Germany,2019-12-01
2019-10-25,Oct19,2019,5,Fri,43,Oct,7,CDM,France,2019-12-01
2019-10-25,Oct19,2019,5,Fri,43,Oct,14,LAG,Germany,2019-12-01
2019-10-25,Oct19,2019,5,Fri,43,Oct,10,RAV,France,2019-12-01
2019-10-28,Oct19,2019,1,Mon,44,Oct,5,CDM,Germany,2019-12-01
2019-10-28,Oct19,2019,1,Mon,44,Oct,12,EBA,OTA,2019-12-01
2019-10-28,Oct19,2019,1,Mon,44,Oct,8,RAV,Germany,2019-12-01
2019-10-28,Oct19,2019,1,Mon,44,Oct,5,RAV,OTA,2019-12-01
2019-10-28,Oct19,2019,1,Mon,44,Oct,1,PCH,United Kingdom,2019-12-01
2019-10-28,Oct19,2019,1,Mon,44,Oct,5,RAV,France,2019-12-01
2019-10-28,Oct19,2019,1,Mon,44,Oct,35,RAV,United Kingdom,2019-12-01
2019-10-29,Oct19,2019,2,Tue,44,Oct,3,CDM,OTA,2019-12-01
2019-10-29,Oct19,2019,2,Tue,44,Oct,8,REC,United Kingdom,2019-12-01
2019-10-29,Oct19,2019,2,Tue,44,Oct,9,ZIL,Germany,2019-12-01
2019-10-29,Oct19,2019,2,Tue,44,Oct,1,PCH,United Kingdom,2019-12-01
2019-10-29,Oct19,2019,2,Tue,44,Oct,10,RAV,France,2019-12-01
2019-10-29,Oct19,2019,2,Tue,44,Oct,1,REC,OTA,2019-12-01
2019-10-29,Oct19,2019,2,Tue,44,Oct,21,RAV,United Kingdom,2019-12-01
2019-10-29,Oct19,2019,2,Tue,44,Oct,11,FRI,United Kingdom,2019-12-01
2019-10-29,Oct19,2019,2,Tue,44,Oct,16,PCH,OTA,2019-12-01
2019-10-30,Oct19,2019,3,Wed,44,Oct,7,FRI,France,2019-12-01
2019-10-30,Oct19,2019,3,Wed,44,Oct,13,LAG,United Kingdom,2019-12-01
2019-10-30,Oct19,2019,3,Wed,44,Oct,8,ZIL,Germany,2019-12-01
2019-10-30,Oct19,2019,3,Wed,44,Oct,20,LAG,Germany,2019-12-01
2019-10-30,Oct19,2019,3,Wed,44,Oct,10,LAG,OTA,2019-12-01
2019-10-30,Oct19,2019,3,Wed,44,Oct,1,TRO,Germany,2019-12-01
2019-10-31,Oct19,2019,4,Thu,44,Oct,7,LAG,United Kingdom,2019-12-01
2019-10-31,Oct19,2019,4,Thu,44,Oct,11,PCH,France,2019-12-01
2019-10-31,Oct19,2019,4,Thu,44,Oct,14,LAG,Germany,2019-12-01
2019-10-31,Oct19,2019,4,Thu,44,Oct,13,REC,France,2019-12-01
2019-10-31,Oct19,2019,4,Thu,44,Oct,2,CDM,OTA,2019-12-01
2019-10-31,Oct19,2019,4,Thu,44,Oct,12,CDM,United Kingdom,2019-12-01
2019-10-31,Oct19,2019,4,Thu,44,Oct,7,EBA,France,2019-12-01
2019-10-31,Oct19,2019,4,Thu,44,Oct,11,RAV,Germany,2019-12-01
2019-10-31,Oct19,2019,4,Thu,44,Oct,6,RAV,United Kingdom,2019-12-01
2019-10-31,Oct19,2019,4,Thu,44,Oct,14,REC,Germany,2019-12-01
2019-11-01,Nov19,2019,5,Fri,44,Nov,2,PCH,OTA,2019-12-01
2019-11-01,Nov19,2019,5,Fri,44,Nov,41,LAG,Germany,2019-12-01
2019-11-01,Nov19,2019,5,Fri,44,Nov,6,LAG,United Kingdom,2019-12-01
2019-11-04,Nov19,2019,1,Mon,45,Nov,6,LAG,United Kingdom,2019-12-01
2019-11-04,Nov19,2019,1,Mon,45,Nov,2,PCH,France,2019-12-01
2019-11-04,Nov19,2019,1,Mon,45,Nov,3,TRO,Germany,2019-12-01
2019-11-04,Nov19,2019,1,Mon,45,Nov,4,FRI,OTA,2019-12-01
2019-11-04,Nov19,2019,1,Mon,45,Nov,16,LAG,Germany,2019-12-01
2019-11-04,Nov19,2019,1,Mon,45,Nov,7,REC,Germany,2019-12-01
2019-11-04,Nov19,2019,1,Mon,45,Nov,7,REC,France,2019-12-01
2019-11-04,Nov19,2019,1,Mon,45,Nov,9,REC,OTA,2019-12-01
2019-11-04,Nov19,2019,1,Mon,45,Nov,7,FRI,France,2019-12-01
2019-11-05,Nov19,2019,2,Tue,45,Nov,21,RAV,France,2019-12-01
2019-11-05,Nov19,2019,2,Tue,45,Nov,7,EBA,Germany,2019-12-01
2019-11-05,Nov19,2019,2,Tue,45,Nov,13,LAG,Germany,2019-12-01
2019-11-05,Nov19,2019,2,Tue,45,Nov,8,PCH,United Kingdom,2019-12-01
2019-11-05,Nov19,2019,2,Tue,45,Nov,9,RAV,United Kingdom,2019-12-01
2019-11-05,Nov19,2019,2,Tue,45,Nov,7,REC,Germany,2019-12-01
2019-11-05,Nov19,2019,2,Tue,45,Nov,8,ZIL,France,2019-12-01
2019-11-05,Nov19,2019,2,Tue,45,Nov,10,REC,United Kingdom,2019-12-01
2019-11-05,Nov19,2019,2,Tue,45,Nov,1,FRI,Germany,2019-12-01
2019-11-05,Nov19,2019,2,Tue,45,Nov,30,PCH,France,2019-12-01
2019-11-06,Nov19,2019,3,Wed,45,Nov,8,LAG,France,2019-12-01
2019-11-06,Nov19,2019,3,Wed,45,Nov,7,REC,Germany,2019-12-01
2019-11-06,Nov19,2019,3,Wed,45,Nov,3,FRI,OTA,2019-12-01
2019-11-06,Nov19,2019,3,Wed,45,Nov,15,RAV,United Kingdom,2019-12-01
2019-11-06,Nov19,2019,3,Wed,45,Nov,3,ZIL,Germany,2019-12-01
2019-11-06,Nov19,2019,3,Wed,45,Nov,5,LAG,OTA,2019-12-01
2019-11-06,Nov19,2019,3,Wed,45,Nov,33,ZIL,United Kingdom,2019-12-01
2019-11-07,Nov19,2019,4,Thu,45,Nov,4,REC,France,2019-12-01
2019-11-08,Nov19,2019,5,Fri,45,Nov,43,LAG,Germany,2019-12-01
2019-11-08,Nov19,2019,5,Fri,45,Nov,6,PCH,United Kingdom,2019-12-01
2019-11-08,Nov19,2019,5,Fri,45,Nov,46,RAV,France,2019-12-01
2019-11-08,Nov19,2019,5,Fri,45,Nov,3,ZIL,France,2019-12-01
2019-11-08,Nov19,2019,5,Fri,45,Nov,2,FRI,United Kingdom,2019-12-01
2019-11-08,Nov19,2019,5,Fri,45,Nov,10,LAG,France,2019-12-01
2019-11-08,Nov19,2019,5,Fri,45,Nov,7,RAV,United Kingdom,2019-12-01
2019-11-11,Nov19,2019,1,Mon,46,Nov,14,CDM,Germany,2019-12-01
2019-11-11,Nov19,2019,1,Mon,46,Nov,1,REC,United Kingdom,2019-12-01
2019-11-11,Nov19,2019,1,Mon,46,Nov,6,ZIL,Germany,2019-12-01
2019-11-11,Nov19,2019,1,Mon,46,Nov,4,ZIL,OTA,2019-12-01
2019-11-11,Nov19,2019,1,Mon,46,Nov,14,FRI,United Kingdom,2019-12-01
2019-11-11,Nov19,2019,1,Mon,46,Nov,14,LAG,Germany,2019-12-01
2019-11-11,Nov19,2019,1,Mon,46,Nov,3,PCH,OTA,2019-12-01
2019-11-11,Nov19,2019,1,Mon,46,Nov,6,RAV,France,2019-12-01
2019-11-11,Nov19,2019,1,Mon,46,Nov,2,REC,Germany,2019-12-01
2019-11-11,Nov19,2019,1,Mon,46,Nov,8,LAG,United Kingdom,2019-12-01
2019-11-11,Nov19,2019,1,Mon,46,Nov,3,REC,OTA,2019-12-01
2019-11-11,Nov19,2019,1,Mon,46,Nov,1,ZIL,OTA,2019-12-01
2019-11-12,Nov19,2019,2,Tue,46,Nov,8,EBA,United Kingdom,2019-12-01
2019-11-12,Nov19,2019,2,Tue,46,Nov,2,TRO,Germany,2019-12-01
2019-11-12,Nov19,2019,2,Tue,46,Nov,3,RAV,OTA,2019-12-01
2019-11-12,Nov19,2019,2,Tue,46,Nov,21,LAG,France,2019-12-01
2019-11-12,Nov19,2019,2,Tue,46,Nov,9,ZIL,Germany,2019-12-01
2019-11-13,Nov19,2019,3,Wed,46,Nov,8,LAG,Germany,2019-12-01
2019-11-13,Nov19,2019,3,Wed,46,Nov,22,RAV,United Kingdom,2019-12-01
2019-11-13,Nov19,2019,3,Wed,46,Nov,8,ZIL,France,2019-12-01
2019-11-13,Nov19,2019,3,Wed,46,Nov,2,PCH,OTA,2019-12-01
2019-11-13,Nov19,2019,3,Wed,46,Nov,15,REC,France,2019-12-01
2019-11-13,Nov19,2019,3,Wed,46,Nov,4,FRI,Germany,2019-12-01
2019-11-13,Nov19,2019,3,Wed,46,Nov,2,PCH,OTA,2019-12-01
2019-11-13,Nov19,2019,3,Wed,46,Nov,6,TRO,United Kingdom,2019-12-01
2019-11-14,Nov19,2019,4,Thu,46,Nov,7,LAG,France,2019-12-01
2019-11-14,Nov19,2019,4,Thu,46,Nov,17,RAV,OTA,2019-12-01
2019-11-14,Nov19,2019,4,Thu,46,Nov,2,EBA,OTA,2019-12-01
2019-11-14,Nov19,2019,4,Thu,46,Nov,14,RAV,Germany,2019-12-01
2019-11-14,Nov19,2019,4,Thu,46,Nov,2,TRO,OTA,2019-12-01
2019-11-14,Nov19,2019,4,Thu,46,Nov,19,LAG,Germany,2019-12-01
2019-11-14,Nov19,2019,4,Thu,46,Nov,16,RAV,France,2019-12-01
2019-11-15,Nov19,2019,5,Fri,46,Nov,5,LAG,OTA,2019-12-01
2019-11-15,Nov19,2019,5,Fri,46,Nov,10,PCH,Germany,2019-12-01
2019-11-15,Nov19,2019,5,Fri,46,Nov,2,ZIL,United Kingdom,2019-12-01
2019-11-15,Nov19,2019,5,Fri,46,Nov,13,RAV,United Kingdom,2019-12-01
2019-11-18,Nov19,2019,1,Mon,47,Nov,10,EBA,United Kingdom,2019-12-01
2019-11-18,Nov19,2019,1,Mon,47,Nov,18,LAG,Germany,2019-12-01
2019-11-18,Nov19,2019,1,Mon,47,Nov,5,PCH,United Kingdom,2019-12-01
2019-11-18,Nov19,2019,1,Mon,47,Nov,14,RAV,France,2019-12-01
2019-11-18,Nov19,2019,1,Mon,47,Nov,6,EBA,Germany,2019-12-01
2019-11-18,Nov19,2019,1,Mon,47,Nov,15,LAG,United Kingdom,2019-12-01
2019-11-18,Nov19,2019,1,Mon,47,Nov,11,ZIL,OTA,2019-12-01
2019-11-18,Nov19,2019,1,Mon,47,Nov,9,ZIL,United Kingdom,2019-12-01
2019-11-19,Nov19,2019,2,Tue,47,Nov,7,REC,Germany,2019-12-01
2019-11-19,Nov19,2019,2,Tue,47,Nov,8,FRI,France,2019-12-01
2019-11-19,Nov19,2019,2,Tue,47,Nov,7,PCH,France,2019-12-01
2019-11-19,Nov19,2019,2,Tue,47,Nov,2,PCH,Germany,2019-12-01
2019-11-20,Nov19,2019,3,Wed,47,Nov,13,TRO,United Kingdom,2019-12-01
2019-11-20,Nov19,2019,3,Wed,47,Nov,4,CDM,OTA,2019-12-01
2019-11-20,Nov19,2019,3,Wed,47,Nov,12,ZIL,France,2019-12-01
2019-11-20,Nov19,2019,3,Wed,47,Nov,6,ZIL,OTA,2019-12-01
2019-11-20,Nov19,2019,3,Wed,47,Nov,7,ZIL,Germany,2019-12-01
2019-11-20,Nov19,2019,3,Wed,47,Nov,3,REC,France,2019-12-01
2019-11-21,Nov19,2019,4,Thu,47,Nov,15,LAG,Germany,2019-12-01
2019-11-21,Nov19,2019,4,Thu,47,Nov,5,LAG,OTA,2019-12-01
2019-11-21,Nov19,2019,4,Thu,47,Nov,4,EBA,OTA,2019-12-01
2019-11-21,Nov19,2019,4,Thu,47,Nov,9,REC,United Kingdom,2019-12-01
2019-11-21,Nov19,2019,4,Thu,47,Nov,9,ZIL,United Kingdom,2019-12-01
2019-11-21,Nov19,2019,4,Thu,47,Nov,4,LAG,France,2019-12-01
2019-11-21,Nov19,2019,4,Thu,47,Nov,4,RAV,Germany,2019-12-01
2019-11-21,Nov19,2019,4,Thu,47,Nov,1,REC,OTA,2019-12-01
2019-11-22,Nov19,2019,5,Fri,47,Nov,1,RAV,OTA,2019-12-01
2019-11-22,Nov19,2019,5,Fri,47,Nov,7,ZIL,France,2019-12-01
2019-11-22,Nov19,2019,5,Fri,47,Nov,8,EBA,United Kingdom,2019-12-01
2019-11-22,Nov19,2019,5,Fri,47,Nov,10,LAG,France,2019-12-01
2019-11-22,Nov19,2019,5,Fri,47,Nov,23,LAG,Germany,2019-12-01
2019-11-22,Nov19,2019,5,Fri,47,Nov,10,PCH,United Kingdom,2019-12-01
2019-11-22,Nov19,2019,5,Fri,47,Nov,3,PCH,OTA,2019-12-01
2019-11-22,Nov19,2019,5,Fri,47,Nov,3,RAV,OTA,2019-12-01
2019-11-22,Nov19,2019,5,Fri,47,Nov,7,ZIL,OTA,2019-12-01
2019-11-25,Nov19,2019,1,Mon,48,Nov,2,RAV,OTA,2019-12-01
2019-11-25,Nov19,2019,1,Mon,48,Nov,6,PCH,OTA,2019-12-01
2019-11-25,Nov19,2019,1,Mon,48,Nov,7,TRO,France,2019-12-01
2019-11-25,Nov19,2019,1,Mon,48,Nov,1,TRO,OTA,2019-12-01
2019-11-25,Nov19,2019,1,Mon,48,Nov,9,TRO,United Kingdom,2019-12-01
2019-11-25,Nov19,2019,1,Mon,48,Nov,9,ZIL,Germany,2019-12-01
2019-11-25,Nov19,2019,1,Mon,48,Nov,4,ZIL,OTA,2019-12-01
2019-11-26,Nov19,2019,2,Tue,48,Nov,10,ZIL,OTA,2019-12-01
2019-11-26,Nov19,2019,2,Tue,48,Nov,7,ZIL,United Kingdom,2019-12-01
2019-11-26,Nov19,2019,2,Tue,48,Nov,1,REC,France,2019-12-01
2019-11-26,Nov19,2019,2,Tue,48,Nov,1,REC,OTA,2019-12-01
2019-11-26,Nov19,2019,2,Tue,48,Nov,3,ZIL,OTA,2019-12-01
2019-11-26,Nov19,2019,2,Tue,48,Nov,7,FRI,France,2019-12-01
2019-11-26,Nov19,2019,2,Tue,48,Nov,26,LAG,Germany,2019-12-01
2019-11-26,Nov19,2019,2,Tue,48,Nov,6,RAV,France,2019-12-01
2019-11-27,Nov19,2019,3,Wed,48,Nov,22,PCH,Germany,2019-12-01
2019-11-27,Nov19,2019,3,Wed,48,Nov,9,RAV,Germany,2019-12-01
2019-11-28,Nov19,2019,4,Thu,48,Nov,14,REC,France,2019-12-01
2019-11-28,Nov19,2019,4,Thu,48,Nov,1,ZIL,United Kingdom,2019-12-01
2019-11-28,Nov19,2019,4,Thu,48,Nov,3,FRI,OTA,2019-12-01
2019-11-28,Nov19,2019,4,Thu,48,Nov,4,RAV,United Kingdom,2019-12-01
2019-11-28,Nov19,2019,4,Thu,48,Nov,4,ZIL,OTA,2019-12-01
2019-11-29,Nov19,2019,5,Fri,48,Nov,6,ZIL,OTA,2019-12-01
2019-11-29,Nov19,2019,5,Fri,48,Nov,4,RAV,Germany,2019-12-01
2019-11-29,Nov19,2019,5,Fri,48,Nov,4,ZIL,OTA,2019-12-01
2019-11-29,Nov19,2019,5,Fri,48,Nov,3,LAG,OTA,2019-12-01
2019-11-29,Nov19,2019,5,Fri,48,Nov,7,RAV,OTA,2019-12-01
2019-11-29,Nov19,2019,5,Fri,48,Nov,7,ZIL,Germany,2019-12-01
2019-12-02,Dec19,2019,1,Mon,49,Dec,1,PCH,Germany,2019-12-01
2019-12-02,Dec19,2019,1,Mon,49,Dec,3,REC,OTA,2019-12-01
2019-12-02,Dec19,2019,1,Mon,49,Dec,3,RAV,OTA,2019-12-01
2019-12-02,Dec19,2019,1,Mon,49,Dec,7,ZIL,Germany,2019-12-01
2019-12-02,Dec19,2019,1,Mon,49,Dec,15,ZIL,OTA,2019-12-01
2019-12-02,Dec19,2019,1,Mon,49,Dec,5,ZIL,OTA,2019-12-01
2019-12-03,Dec19,2019,2,Tue,49,Dec,9,RAV,France,2019-12-01
2019-12-03,Dec19,2019,2,Tue,49,Dec,3,RAV,OTA,2019-12-01
2019-12-03,Dec19,2019,2,Tue,49,Dec,4,PCH,OTA,2019-12-01
2019-12-03,Dec19,2019,2,Tue,49,Dec,6,TRO,OTA,2019-12-01
2019-12-03,Dec19,2019,2,Tue,49,Dec,5,EBA,OTA,2019-12-01
2019-12-03,Dec19,2019,2,Tue,49,Dec,2,ZIL,OTA,2019-12-01
2019-12-04,Dec19,2019,3,Wed,49,Dec,1,RAV,OTA,2019-12-01
2019-12-04,Dec19,2019,3,Wed,49,Dec,2,EBA,OTA,2019-12-01
2019-12-04,Dec19,2019,3,Wed,49,Dec,1,CDM,Germany,2019-12-01
2019-12-04,Dec19,2019,3,Wed,49,Dec,2,PCH,OTA,2019-12-01
2019-12-04,Dec19,2019,3,Wed,49,Dec,7,REC,Germany,2019-12-01
2019-12-04,Dec19,2019,3,Wed,49,Dec,8,ZIL,United Kingdom,2019-12-01
2019-12-05,Dec19,2019,4,Thu,49,Dec,4,LAG,Germany,2019-12-01
2019-12-05,Dec19,2019,4,Thu,49,Dec,1,EBA,OTA,2019-12-01
2019-12-05,Dec19,2019,4,Thu,49,Dec,7,LAG,France,2019-12-01
2019-12-05,Dec19,2019,4,Thu,49,Dec,2,CDM,OTA,2019-12-01
2019-12-06,Dec19,2019,5,Fri,49,Dec,1,ZIL,OTA,2019-12-01
2019-12-06,Dec19,2019,5,Fri,49,Dec,7,REC,OTA,2019-12-01
2019-12-06,Dec19,2019,5,Fri,49,Dec,1,EBA,OTA,2019-12-01
2019-12-06,Dec19,2019,5,Fri,49,Dec,6,TRO,OTA,2019-12-01
2019-12-09,Dec19,2019,1,Mon,50,Dec,2,TRO,OTA,2019-12-01
2019-12-09,Dec19,2019,1,Mon,50,Dec,2,LAG,OTA,2019-12-01
2019-12-09,Dec19,2019,1,Mon,50,Dec,5,PCH,OTA,2019-12-01
2019-12-09,Dec19,2019,1,Mon,50,Dec,2,RAV,OTA,2019-12-01
2019-12-09,Dec19,2019,1,Mon,50,Dec,7,ZIL,Germany,2019-12-01
2019-12-09,Dec19,2019,1,Mon,50,Dec,2,ZIL,OTA,2019-12-01
2019-12-09,Dec19,2019,1,Mon,50,Dec,3,PCH,OTA,2019-12-01
2019-12-09,Dec19,2019,1,Mon,50,Dec,4,ZIL,OTA,2019-12-01
2019-12-10,Dec19,2019,2,Tue,50,Dec,1,CDM,OTA,2019-12-01
2019-12-10,Dec19,2019,2,Tue,50,Dec,1,PCH,OTA,2019-12-01
2019-12-10,Dec19,2019,2,Tue,50,Dec,6,ZIL,France,2019-12-01
2019-12-10,Dec19,2019,2,Tue,50,Dec,9,LAG,United Kingdom,2019-12-01
2019-12-10,Dec19,2019,2,Tue,50,Dec,6,LAG,Germany,2019-12-01
2019-12-10,Dec19,2019,2,Tue,50,Dec,1,RAV,France,2019-12-01
2019-12-10,Dec19,2019,2,Tue,50,Dec,12,RAV,OTA,2019-12-01
2019-12-11,Dec19,2019,3,Wed,50,Dec,23,LAG,Germany,2019-12-01
2019-12-11,Dec19,2019,3,Wed,50,Dec,9,ZIL,OTA,2019-12-01
2019-12-11,Dec19,2019,3,Wed,50,Dec,1,TRO,OTA,2019-12-01
2019-12-11,Dec19,2019,3,Wed,50,Dec,5,ZIL,Germany,2019-12-01
2019-12-11,Dec19,2019,3,Wed,50,Dec,5,ZIL,OTA,2019-12-01
2019-12-11,Dec19,2019,3,Wed,50,Dec,3,ZIL,OTA,2019-12-01
2019-12-11,Dec19,2019,3,Wed,50,Dec,2,PCH,OTA,2019-12-01
2019-12-12,Dec19,2019,4,Thu,50,Dec,1,TRO,OTA,2019-12-01
2019-12-12,Dec19,2019,4,Thu,50,Dec,13,RAV,France,2019-12-01
2019-12-12,Dec19,2019,4,Thu,50,Dec,2,ZIL,OTA,2019-12-01
2019-12-13,Dec19,2019,5,Fri,50,Dec,2,ZIL,OTA,2019-12-01
2019-12-13,Dec19,2019,5,Fri,50,Dec,8,EBA,France,2019-12-01
2019-12-13,Dec19,2019,5,Fri,50,Dec,6,EBA,OTA,2019-12-01
2019-12-13,Dec19,2019,5,Fri,50,Dec,1,EBA,OTA,2019-12-01
2019-12-13,Dec19,2019,5,Fri,50,Dec,10,RAV,United Kingdom,2019-12-01
2019-12-13,Dec19,2019,5,Fri,50,Dec,1,TRO,OTA,2019-12-01
2019-12-13,Dec19,2019,5,Fri,50,Dec,5,LAG,Germany,2019-12-01
2019-12-13,Dec19,2019,5,Fri,50,Dec,13,PCH,OTA,2019-12-01
2019-12-16,Dec19,2019,1,Mon,51,Dec,1,LAG,France,2019-12-01
2019-12-16,Dec19,2019,1,Mon,51,Dec,6,REC,OTA,2019-12-01
2019-12-16,Dec19,2019,1,Mon,51,Dec,2,TRO,OTA,2019-12-01
2019-12-16,Dec19,2019,1,Mon,51,Dec,3,FRI,OTA,2019-12-01
2019-12-16,Dec19,2019,1,Mon,51,Dec,7,LAG,Germany,2019-12-01
2019-12-16,Dec19,2019,1,Mon,51,Dec,9,TRO,United Kingdom,2019-12-01
2019-12-16,Dec19,2019,1,Mon,51,Dec,10,EBA,United Kingdom,2019-12-01
2019-12-16,Dec19,2019,1,Mon,51,Dec,2,ZIL,OTA,2019-12-01
2019-12-17,Dec19,2019,2,Tue,51,Dec,11,RAV,United Kingdom,2019-12-01
2019-12-17,Dec19,2019,2,Tue,51,Dec,5,ZIL,France,2019-12-01
2019-12-17,Dec19,2019,2,Tue,51,Dec,11,EBA,OTA,2019-12-01
2019-12-18,Dec19,2019,3,Wed,51,Dec,7,ZIL,United Kingdom,2019-12-01
2019-12-18,Dec19,2019,3,Wed,51,Dec,1,RAV,OTA,2019-12-01
2019-12-18,Dec19,2019,3,Wed,51,Dec,1,REC,OTA,2019-12-01
2019-12-18,Dec19,2019,3,Wed,51,Dec,1,ZIL,OTA,2019-12-01
2019-12-19,Dec19,2019,4,Thu,51,Dec,5,ZIL,OTA,2019-12-01
2019-12-19,Dec19,2019,4,Thu,51,Dec,1,EBA,OTA,2019-12-01
2019-12-19,Dec19,2019,4,Thu,51,Dec,1,RAV,United Kingdom,2019-12-01
2019-12-19,Dec19,2019,4,Thu,51,Dec,7,REC,Germany,2019-12-01
2019-12-19,Dec19,2019,4,Thu,51,Dec,6,CDM,Germany,2019-12-01
2019-12-20,Dec19,2019,5,Fri,51,Dec,8,ZIL,OTA,2019-12-01
2019-12-20,Dec19,2019,5,Fri,51,Dec,10,TRO,OTA,2019-12-01
2019-12-20,Dec19,2019,5,Fri,51,Dec,4,LAG,Germany,2019-12-01
2019-12-23,Dec19,2019,1,Mon,52,Dec,3,PCH,France,2019-12-01
2019-12-23,Dec19,2019,1,Mon,52,Dec,4,TRO,Germany,2019-12-01
2019-12-23,Dec19,2019,1,Mon,52,Dec,3,TRO,OTA,2019-12-01
2019-12-23,Dec19,2019,1,Mon,52,Dec,6,ZIL,OTA,2019-12-01
2019-12-23,Dec19,2019,1,Mon,52,Dec,8,CDM,OTA,2019-12-01
2019-12-23,Dec19,2019,1,Mon,52,Dec,2,TRO,OTA,2019-12-01
2019-12-23,Dec19,2019,1,Mon,52,Dec,15,TRO,OTA,2019-12-01
2019-12-23,Dec19,2019,1,Mon,52,Dec,4,RAV,France,2019-12-01
2019-12-23,Dec19,2019,1,Mon,52,Dec,4,RAV,OTA,2019-12-01
2019-12-24,Dec19,2019,2,Tue,52,Dec,8,LAG,France,2019-12-01
2019-12-24,Dec19,2019,2,Tue,52,Dec,1,EBA,OTA,2019-12-01
2019-12-24,Dec19,2019,2,Tue,52,Dec,1,FRI,OTA,2019-12-01
2019-12-24,Dec19,2019,2,Tue,52,Dec,4,LAG,Germany,2019-12-01
2019-12-24,Dec19,2019,2,Tue,52,Dec,6,LAG,OTA,2019-12-01
2019-12-24,Dec19,2019,2,Tue,52,Dec,5,CDM,OTA,2019-12-01
2019-12-25,Dec19,2019,3,Wed,52,Dec,2,PCH,OTA,2019-12-01
2019-12-25,Dec19,2019,3,Wed,52,Dec,1,RAV,OTA,2019-12-01
2019-12-26,Dec19,2019,4,Thu,52,Dec,4,CDM,OTA,2019-12-01
2019-12-26,Dec19,2019,4,Thu,52,Dec,4,LAG,France,2019-12-01
2019-12-26,Dec19,2019,4,Thu,52,Dec,12,ZIL,OTA,2019-12-01
2019-12-26,Dec19,2019,4,Thu,52,Dec,12,LAG,OTA,2019-12-01
2019-12-26,Dec19,2019,4,Thu,52,Dec,5,PCH,Germany,2019-12-01
2019-12-27,Dec19,2019,5,Fri,52,Dec,5,CDM,United Kingdom,2019-12-01
2019-12-27,Dec19,2019,5,Fri,52,Dec,9,PCH,France,2019-12-01
2019-12-30,Dec19,2019,1,Mon,53,Dec,1,EBA,France,2019-12-01
2019-12-30,Dec19,2019,1,Mon,53,Dec,1,ZIL,France,2019-12-01
2019-12-30,Dec19,2019,1,Mon,53,Dec,2,EBA,United Kingdom,2019-12-01
2019-12-30,Dec19,2019,1,Mon,53,Dec,2,FRI,France,2019-12-01
2019-12-30,Dec19,2019,1,Mon,53,Dec,2,PCH,United Kingdom,2019-12-01
2019-12-30,Dec19,2019,1,Mon,53,Dec,9,RAV,France,2019-12-01
2019-12-31,Dec19,2019,2,Tue,53,Dec,1,CDM,United Kingdom,2019-12-01
2019-12-31,Dec19,2019,2,Tue,53,Dec,5,CDM,France,2019-12-01
2019-12-31,Dec19,2019,2,Tue,53,Dec,2,EBA,United Kingdom,2019-12-01
2019-12-31,Dec19,2019,2,Tue,53,Dec,1,FRI,OTA,2019-12-01
2019-12-31,Dec19,2019,2,Tue,53,Dec,2,EBA,France,2019-12-01
2019-12-31,Dec19,2019,2,Tue,53,Dec,1,LAG,OTA,2019-12-01
2019-12-31,Dec19,2019,2,Tue,53,Dec,5,TRO,OTA,2019-12-01
2019-12-31,Dec19,2019,2,Tue,53,Dec,1,PCH,United Kingdom,2019-12-01
2019-12-31,Dec19,2019,2,Tue,53,Dec,3,RAV,France,2019-12-01
